id,Герой,Стихия,Количество звезд,Скорость маны,Сила,Атака,Защита,Жизни,Способ атаки,Способности,Пассивные способности,Место призыва,Класс,Картинка
1,Райана,Синий,4,Быстро,1230,718,598,1047,1,335% урона врагу. Повышает исцеление всем на 38% на 4 хода,,Джунгли,Следопыт,10.jpg (https://baserow-backend-production20240528124524339000000001.s3.amazonaws.com/user_files/7lyEhM11teQsQdcdCR3Z5OjyJtLAgskQ_8b46daa4e43c71b1ec7fff03c63f48aecf05230a80c9607a5bb3de1957e6be55.jpg)
2,Сирион,Синий,5,Быстро,1436,791,590,1331,1,"420% урона одному врагу, повышает защиту себе и нескольким на 63%",,Таверна,Воин,Сирион.jpg (https://baserow-backend-production20240528124524339000000001.s3.amazonaws.com/user_files/eubFHIYxdk0JGbFkHnzEY4XdICoeGiFh_b2bf4ddafdd9d28539657db40682c5dc0fe94af500be5e89d68cec9beb73d97d.jpg)
3,Агнес,Зеленый,3,Быстро,816,468,423,685,1,"325% урона одному врагу, снижает атаку на 34% на 6 ходов",,Таверна,Следопыт,Агнес.jpg (https://baserow-backend-production20240528124524339000000001.s3.amazonaws.com/user_files/SwUk3tcWxunOPMBQ2yuZjrOBEIP40WEr_ef9d6735f2f40f7ae4c26e26658b070d701ddd9f44469b9f34ed803905d9bb73.jpg)
4,Акана,Красный,3,Средне,816,472,444,634,Все,"145% урона всем, 114 урона за 6 ходов",,Таверна,Чернокнижник,Акана.jpg (https://baserow-backend-production20240528124524339000000001.s3.amazonaws.com/user_files/RO8nHSQEETV2qC0YJIo8Ec1LZ9wadRwQ_87f8fd3741fc035dbc1820e614ea4ef7aec681dd7e3b3913a5ffc5b13b7434a3.jpg)
5,Алексий,Зеленый,4,Средне,1204,712,584,997,Все,"Восстанавливает 42% здоровья всем, снимает усиления противникам",,Таверна,Друид,Алексий.jpg (https://baserow-backend-production20240528124524339000000001.s3.amazonaws.com/user_files/seOHy7aqqgrwhpD6blO6FpVULad0Hn9w_5f5c1e16e230ef12c4cc98037b27503a506d056e6e90e5fa2bc2f1bf88c23462.jpg)
6,Алиса,Фиолетовый,4,Средне,1276,740,640,1071,Все,"Восстанавливает 42% всем, снимает усиления противникам",,Таверна,Чернокнижник,Алиса.jpg (https://baserow-backend-production20240528124524339000000001.s3.amazonaws.com/user_files/0BIy7NktQB5tjctKPkuc9oVE5FCt2Zme_abf9e69092071387bea3d5f2f098f4398b67f3df963cb0ad5087fa052771a4a3.jpg)
7,Анару,Желтый,4,Средне,1216,705,618,989,Все,"Повышает атаку всем на 185%, снижает меткость на 5 ходов",,Таверна,Монах,Анару.jpg (https://baserow-backend-production20240528124524339000000001.s3.amazonaws.com/user_files/TkLxJMBANEuPzD4XDu7QgeUkmNtVO7je_1732c2ec54f4c2ceaa258c9bfb675c5e5b33c709774d979e3d134c6b89a7c361.jpg)
8,Взрывной Билл,Красный,5,Медленно,1442,791,606,1320,Все,"205% урона всем, 360 урона за 6 ходов",,Таверна,Варвар,Взрывной Билл.jpg (https://baserow-backend-production20240528124524339000000001.s3.amazonaws.com/user_files/L1uwvVHPeXgjNaxhY30aqYQ9PERtZ9aj_3a63cd33d20d02b8b104b8832838705671c032c9544a60b042bbe7f1cca0a363.jpg)
9,Торелин,Фиолетовый,5,Медленно,1442,745,635,1377,Все,270% урона всем,,Таверна,Чернокнижник,Торелин.jpg (https://baserow-backend-production20240528124524339000000001.s3.amazonaws.com/user_files/ByUGCHpfTecgP2iB1CXfXX7xfU9s5NIU_210e025db8b8458b6c8cab6f0ea18255874a91aff1e42d74c1b2ff46ecf918ce.jpg)
10,Астрид,Желтый,5,Быстро,1432,747,635,1336,1,"468% урона одному врагу, снижает меткость цели на 40%",,Таверна,Монах,Астрид.jpg (https://baserow-backend-production20240528124524339000000001.s3.amazonaws.com/user_files/hqvt1jzEdEgddSYDQBgewy535t9F836d_9cde1cc40879b78d7e11de79d3bf2b719094cfa472ba78cdfb49002eda33bcdf.jpg)
11,Бо,Желтый,3,Быстро,808,467,408,690,1,"300% урона одному врагу, снижает меткость на 35% на 4 хода",,Таверна,Монах,Бо.jpg (https://baserow-backend-production20240528124524339000000001.s3.amazonaws.com/user_files/csdPA91DZIq4jT67ytlVd7eRJoe7nELi_53f8162a6041d454c5dc23f7e000d090ebf3c909f9dc33afa13cb8b27c78ddee.jpg)
12,Брандир,Синий,3,Медленно,808,385,531,653,Все,"Все союзники делят урон на 6 ходов, повышают защиту на 63%",,Таверна,Паладин,Брандир.jpg (https://baserow-backend-production20240528124524339000000001.s3.amazonaws.com/user_files/rbErmB36OBxTrgkbrojziyJzhXUeiXFK_adc2680d126648628c9ec45c5718cc7851941f6e6a708dc7a17c13e120fd59a8.jpg)
13,Братья Еноты,Синий,3,Быстро,820,513,398,637,1,"300% урона одному врагу, ближайшие и заклинатель невосприимчивы к ослаблению на 3 хода",,Джунгли,Воин,03.jpg (https://baserow-backend-production20240528124524339000000001.s3.amazonaws.com/user_files/0ZtMwYAYu37EIOXz9zYABChUf1e5fUPT_73f6fd815370d0a8c2d47c0e5eefa5ce1fc79e42a2ec7757707e0567c662b1f6.jpg)
14,Валла,Фиолетовый,4,Средне,1204,658,631,1042,1+2,"295% урона одному врагу + нескольким, снижает защиту врагу и нескольким на 34%",,Таверна,Следопыт,Валла.jpg (https://baserow-backend-production20240528124524339000000001.s3.amazonaws.com/user_files/72Py1oM5G1Ii0MUDqWCnBft3gynFTCVY_0dfad236d6ba06ee421706257d917d4ad14e8c98be46f2fbc389ab97fee0aa9b.jpg)
15,Себастьян,Фиолетовый,5,Быстро,1438,760,637,1325,1+2,"260% урона одному врагу + нескольким, контратака на 115%",,Таверна,Варвар,Себастьян.jpg (https://baserow-backend-production20240528124524339000000001.s3.amazonaws.com/user_files/akVIZ2C5KBZeH3WezXXoEE4AN00SUFMy_086f4e8557037d8904e23749866f76b00be2bcf4b7b30a8e238be4c7474095f2.jpg)
16,Вивианна,Фиолетовый,3,Средне,818,411,462,758,1,"235% урона одному врагу, восстанавливает 50% от нанесенного ущерба",,Таверна,Паладин,Вивианна.jpg (https://baserow-backend-production20240528124524339000000001.s3.amazonaws.com/user_files/UsoVQ2t20xThNTTAueSZVKZXMbQMTHlm_6d5b6be0bb8b9752ce5a888d134d4ebcda408d931e882fbc70d74f57d35c76c2.jpg)
17,Агата,Зеленый,5,Быстро,1438,727,716,1246,1,512% урона врагу,,Таверна,Следопыт,Агата.jpg (https://baserow-backend-production20240528124524339000000001.s3.amazonaws.com/user_files/jP7OhXaJPVEA68ELCqPvALUHsExAhzBK_dd5218d77aed9495eb49d510046fcafd3aa07b43c0439b7a967acedf1b362065.jpg)
18,Кайрос,Синий,4,Легендарно быстро,1272,728,538,1296,Все,"Мана 100%: Наносит 225% урона, атака имеет 35 % шанс пробить защитные усиления, включая контратаки. Мана 200%: Наносит 250% урона, атака имеет 60 % шанс пробить защитные усиления, включая контратаки. Мана 300%: Наносит 295% урона, fтака имеет 85 % шанс пробить защитные усиления, включая контратаки",,Авангард,Разбойник,02.jpg (https://baserow-backend-production20240528124524339000000001.s3.amazonaws.com/user_files/gUR9ioM055Qo7hJHoC4JqVNMSg14uXI7_175b5ec45144127525a92de8d39f4c382d61d22e6a9b430b5e0324facd20f4f1.jpg)
19,Волакрард,Желтый,3,Быстро,828,503,403,682,Все,"120 % урона всем, повышает вероятность крита на 35 % в течение 4 ходов",,Джунгли,Друид,05.jpg (https://baserow-backend-production20240528124524339000000001.s3.amazonaws.com/user_files/z7DUf9KVgtN1iENbJgzSscRq5xCuINpS_707056837505a0b0c01e495df0a113a2e46354a6ae98f3b04ae2f9314547aafa.jpg)
20,Призрак Грета,Фиолетовый,5,Очень быстро,1472,776,668,1342,1,"195 % одному врагу, повышает защиту всем на 30 % на 3 хода, забирает 60 % исцеления на 3 хода у цели, цель получает 225 урона в течение 5 ходов. Если эффект есть - он обновляется и вырастает на 275 (максимум 3 раза)","Когда использует навык, 50% шанс украсть усиление у случайного противника. Если нет усилений - 70 % урона всем противникам",Хэллоуин,Волшебник,04.jpg (https://baserow-backend-production20240528124524339000000001.s3.amazonaws.com/user_files/NPSSnydPH7yj8lNpYLeBHAXHdYEYftPs_f2c4c647488a9edfc0a74507529b7af74b0ddfaebd2468758652af852db1f047.jpg)
21,Аннабет,Красный,5,Быстро,1464,713,678,1452,Все,"158 % урона всем, повышает атаку на 24 %, снимает ослабление, восстанавливает союзникам стихии Огня 30% здоровья",,ГМ,Друид,10.jpg (https://baserow-backend-production20240528124524339000000001.s3.amazonaws.com/user_files/y2Hhei0kfU2uKpsdWlGqusSjqhNXgYWI_78b7d032ed298881085a90595588c4c4bf8eef0047ae97b837221791afbeff0d.jpg)
22,Елена,Красный,5,Быстро,1458,718,678,1417,1,"Наносит врагу 780 урона за 4 хода. Повышает восстановление маны союзникам стихии Огня на 10% в течение 4 ходов, снижает скорость восстановления маны врагу на 54% на 4 хода",,ГМ,Чернокнижник,09.jpg (https://baserow-backend-production20240528124524339000000001.s3.amazonaws.com/user_files/lmCb4PT2PDTIKzJYkBx85V4Uzl9XCh7a_9adc337e8ce615d019c0e25fed8321a50f58139e7e724e2069431f15cff0dc74.jpg)
23,Гэлин Ангрен,Зеленый,4,Медленно,1216,726,603,966,Все,"175 % урона всем, снижает атаку всем противникам на 34 % на 6 ходов",,Таверна,Чернокнижник,Гэлин.jpg (https://baserow-backend-production20240528124524339000000001.s3.amazonaws.com/user_files/LGKVSfNckY4fvMNPGkJY5zcyItbhrt4C_39a716a75d2193c9a195cf5e9c67a10e37f30e260570dd8b40a84af047e965f0.jpg)
24,Ксардас,Фиолетовый,5,Быстро,1456,728,693,1357,1+2,"280 % урона одному врагу + нескольким, повышает скорость восстановления маны со стихией Смерти на 10 % на 4 хода, 
призывает прислужника себе + нескольким с 25 % здоровья и 15 % атаки ",,ГМ,Чернокнижник,03.jpg (https://baserow-backend-production20240528124524339000000001.s3.amazonaws.com/user_files/KiU3aiqTvkNYmQQ8NSVTK4nNZFzE07qp_68f70c02c4254cf1adf401fa3d8a2cfd8cc1b72726e55b1e1de6c4e135c3c56f.jpg)
25,Джеригал,Зеленый,4,Медленно,1206,739,567,974,Все,"185 % урона всем, снижает скорость восстановления маны на 64 % на 3 хода",,Таверна,Варвар,Джеригал.jpg (https://baserow-backend-production20240528124524339000000001.s3.amazonaws.com/user_files/bSviDhLhmlghpz2jxyXB3jheLu4YiioL_a80cf10fe8b05c8f0486ca4a54561090e6055694eba5e47768a327b3d301182e.jpg)
26,Джулиан,Фиолетовый,3,Средне,824,413,508,682,1+2,"215 % урона врагу и ближайшим, снижает скорость восстановления маны на 25 % на 3 хода",,Джунгли,Чернокнижник,11.jpg (https://baserow-backend-production20240528124524339000000001.s3.amazonaws.com/user_files/nN2HJJNPOdtDQPJMaXXVOiBDy1G7qLqt_aac21894131cb295d2c4cd49f95648637fc2dd038d6d75b1119911e7472d03de.jpg)
27,Дэмиан,Фиолетовый,3,Очень быстро,826,368,483,852,1,"Забирает 60 % исцеления в течение 3 ходов, Цель получает 65 урона в течение 5 ходов. Если эффект есть - урон вырастает на 100 (максимум 3 раза)",,Хэллоуин,Разбойник,08.jpg (https://baserow-backend-production20240528124524339000000001.s3.amazonaws.com/user_files/SdvdCguRqovmremQQee4FQhsJycccaiN_7f36b0436e81b6dd5b5db3b7191992fe309659231a5737923cfad846432c24a7.jpg)
28,Виктория,Синий,4,Средне,1212,714,529,1129,1+2,"295 % урона врагу + нескольким, снижает защиту на 34% на 6 ходов",,Таверна,Варвар,Виктория.jpg (https://baserow-backend-production20240528124524339000000001.s3.amazonaws.com/user_files/GdIGvh6KcXHZgyeFnwZ8DLCmVH8Y4ton_dc5abbdd8ab1ad0c7ff46e3175d2c549e7df556d2f50fbac2bf23f21991892f7.jpg)
29,Зорг,Желтый,3,Средне,806,486,389,676,1+2,210 % урона одному врагу + нескольким,,Таверна,Разбойник,Зорг.jpg (https://baserow-backend-production20240528124524339000000001.s3.amazonaws.com/user_files/9Fmm60JyOTwl77ZaK4qm5bcEqbGLtxsE_9430a607ebc131a54868e44089391aaba9c7569041f7834fa959b8706be0c246.jpg)
30,Катра Хитоэль,Фиолетовый,3,Быстро,808,385,420,876,1,"310 % урона одному врагу, снимает усиления",,Таверна,Паладин,Катра Хитоэль.jpg (https://baserow-backend-production20240528124524339000000001.s3.amazonaws.com/user_files/uHaQ77kxkY1nhOAKWFHYnLEVtoTA4esY_088e747ae9a7bc102d90fe8e6b7fe2a2cd0c168b19118076eed5fbf9301d95d3.jpg)
31,Хала,Фиолетовый,5,Быстро,1440,692,698,1379,1,"452 % урона одному врагу, отравление на 294 за 6 ходов",,Таверна,Волшебник,Хала.jpg (https://baserow-backend-production20240528124524339000000001.s3.amazonaws.com/user_files/k4MXWQtSYjDL1ccDaHwlbZbVecKMW907_75ffc599f89a16d54c9fee6d4b54b219f1b00324b9a969e31cd8c420242eb63a.jpg)
32,Лемми,Фиолетовый,4,Средне,1226,704,593,1077,1+2,"330 урона врагу и нескольким, блокирует накопление маны врагу и нескольким в течение 3 ходов",,Джунгли,Волшебник,06.jpg (https://baserow-backend-production20240528124524339000000001.s3.amazonaws.com/user_files/7jIOP0q31HLGr2ipOx3eAKikrNv5ADjg_af2d783b2fc93dc2fabd5a5b023daf8582257a949785a9873c3f4f3e6d8ae50c.jpg)
33,Магнус,Фиолетовый,3,Медленно,816,420,409,836,Все,"121 % урона всем, 96 урона всем за 6 ходов",,Таверна,Воин,Магнус.jpg (https://baserow-backend-production20240528124524339000000001.s3.amazonaws.com/user_files/1PEylW0en4hWQp86jy4z9xjIJ7J2vprA_c92a95c4af1f152fa4bbc9fb4bb6a5ab804de85e5a6a4a3f540f2b1130c94598.jpg)
34,Майлс,Фиолетовый,4,Средне,1212,563,603,1361,1+2,Контратака на 125 % от полученного урона всем на 5 ходов,,Таверна,Паладин,Майлс.jpg (https://baserow-backend-production20240528124524339000000001.s3.amazonaws.com/user_files/uRXY9TEXLS7QOXzaScE6DqycjMoWmz4C_d4c121de07c35f2482624129cd9e54fec6469dd6cb5614107c18f5de532c7ed3.jpg)
35,Миранда,Зеленый,4,Быстро,1212,637,631,1121,1,"345 % урона одному врагу, снимает ослабления всем союзникам",,Таверна,Друид,Миранда.jpg (https://baserow-backend-production20240528124524339000000001.s3.amazonaws.com/user_files/TQfLlOTxSCNgLOY8GMiItNXLivpUmwlB_46af2ac55d80a3e90cc22e252b9606400b0bbc50bf716b65efa553a289c952c6.jpg)
36,Сабрина,Красный,5,Быстро,1458,728,698,1352,1+2,"215 % врагу и ближайшим, Чем больше маны - тем больше урон, максимум - 335 %",,Остров сокровищ,Разбойник,05.jpg (https://baserow-backend-production20240528124524339000000001.s3.amazonaws.com/user_files/32aNF8gU7T03jpDxAbHtKruTRW9SuR6I_af87ad37fbc316f49047f21bdd2c6e6ce71b31454739da73db640197348a8fac.jpg)
37,Даркаут,Красный,5,Быстро,1516,751,702,1497,1,"458 % урона одному врагу, 330 урона за 6 ходов",,Таверна,Разбойник,Даркаут.jpg (https://baserow-backend-production20240528124524339000000001.s3.amazonaws.com/user_files/Tzs2mYeQPxdeZvJyLQswXmnIPk15URaC_4afd52e1e2f3cd4ca6bf7b3025ec4468d1df66623cb4e65f1882f6c3821a6366.jpg)
38,Оливер,Синий,3,Медленно,816,526,357,674,Все,"225 % урона всем, снижает защиту всем противникам на 34 %",,Таверна,Волшебник,Оливер.jpg (https://baserow-backend-production20240528124524339000000001.s3.amazonaws.com/user_files/2c9VjsV6JoiqDqFVtOoCGa5UZ9UU3n4E_887c8cc4e8b29ce12b20d53f1a4c277157051ef759b84edb1947ef4775c8c788.jpg)
39,Айси,Синий,5,Быстро,1462,738,703,1332,1,"460 % урона, повышает атаку всем союзникам стихии Воды на 5% на 6 ходов, повышает защиту всем союзникам стихии Воды на 5% на 6 ходов",,ГМ,Следопыт,03.jpg (https://baserow-backend-production20240528124524339000000001.s3.amazonaws.com/user_files/SvUKGRSOR7gfNrkmgxzVODonx1Fh9F1m_14c834b8795e5cf489825f09da5efa9b048bc153be9d8ce887eb898505e993e7.jpg)
40,Алистер,Фиолетовый,5,Средне,1458,728,708,1332,1+2,"385 % урона врагу + нескольким, снижает исцеление врагу и ближайшим на 80 % на 4 хода",,Остров сокровищ,Воин,11.jpg (https://baserow-backend-production20240528124524339000000001.s3.amazonaws.com/user_files/GDYWVLhpdhpv4LAamjrF6cl5L52m9zzU_18e04c9844d64933d55b70ec2f55a57d0bd92645cea4dd2c80673bbb7e8efd8f.jpg)
41,Ролан,Желтый,3,Быстро,812,465,361,808,1,"225 % урона всем, снижает ману на 25 %",,Таверна,Монах,Ролан.jpg (https://baserow-backend-production20240528124524339000000001.s3.amazonaws.com/user_files/igMlmy6ceNuEKreY8WhjPUDf9c7zrXam_c0d0c3f0c8907669d9f119cbd63de5ee1e17d1354d2ba85c73c34fc24074b8ab.jpg)
42,Рэв,Красный,4,Средне,1208,575,709,1104,Все,"Восстанавливает 27 % здоровья всем, повышает атаку на 48 % на 4 хода",,Таверна,Воин,Рэв.jpg (https://baserow-backend-production20240528124524339000000001.s3.amazonaws.com/user_files/51zYbQKAGRP6HNj0dJMiQlCEpuCtU0yx_4638d2e017d171e2b47db0fc2804abd537149bfcc1dad982bb65d56d7b50c38a.jpg)
43,Алексиос,Фиолетовый,5,Средне,1464,733,708,1342,Все,"Восстанавливает всем союзника 468 здоровья за 3 хода, повышает атаку всем союзникам стихии смерти на 4% на 6 ходов (нельзя снять), Повышает защиту всем союзникам стихии смерти на 4 % на 6 ходов (нельзя снять), снимает ослабления себе и ближайшим, заклинатель и ближайшие получают невосприимчивость к новым ослаблениям на 3 хода. Нельзя снять",,ГМ,Монах,04.jpg (https://baserow-backend-production20240528124524339000000001.s3.amazonaws.com/user_files/Yypzg9EHW8wnCw3MpkM0xnkYbS9c131h_165c7e1ace09fd446d3073a0878cf3e1d7daa046cb714b1cce4d9ff52d619ded.jpg)
44,Бумер Крейз,Зеленый,5,Быстро,1468,753,728,1268,1,"Наносит 440 % врагу. Враг и ближайшие получают -30% к атаке  дополнительно -3% снижение каждый раз, когда они получают обычный удар. Действует 4 хода",Устойчивость к ожогам,ГМ,Воин,08.jpg (https://baserow-backend-production20240528124524339000000001.s3.amazonaws.com/user_files/Z2TsqCkepo0Ilv7lLc8lQ3idfMCSlqRI_c8930799bf3be47eb62a77e3464d6d6bacf25ad1f63d1fc11f3a4888b5f340e0.jpg)
45,Тирис,Красный,3,Быстро,812,512,364,681,1,"290 % урона одному врагу, 120 урона за 6 ходов",,Таверна,Варвар,Тирис.jpg (https://baserow-backend-production20240528124524339000000001.s3.amazonaws.com/user_files/sZKN4NLDYddAytkIh5PPb7baq3SxbGAw_d8392976cea15baa9ad4c99872d4c69fd58be04cb7a59cbc2a735c60b3ec5d67.jpg)
46,Люциан,Желтый,5,Средне,1496,788,713,1308,1+2,"Союзник и ближайшие союзника контратакуют на 100% от полученного урона в течение 4 ходов, повышает скорость восстановления маны себе и ближайшим на 25 % в течение 4 ходов, цель и ее ближайшие союзники блокируют 50% любого урона в течение 4 ходов",,Пустошь,Разбойник,22.jpg (https://baserow-backend-production20240528124524339000000001.s3.amazonaws.com/user_files/rvBWniLqBxTTKZ9rfHY9cOTOsUsguBwh_13e10e3bf078e25f698d69bfd360156954589ebd3931839c7b8215ea4d6178a6.jpg)
47,Тыква Джек,Фиолетовый,3,Быстро,862,490,448,747,1,"200 % урона одному врагу, цель получает проклятую бомбу, которая через 3 хода наносит 205 урона цели и нескольким",,Хэллоуин,Волшебник,14.jpg (https://baserow-backend-production20240528124524339000000001.s3.amazonaws.com/user_files/Sj0GvscoesJd0pK54lgme3hWiI557vMG_2397643c8aab3f4455f5b8e7894450e7cef4f0442dbed5a35dac2bf0c637b0d0.jpg)
48,Урсула,Синий,3,Средне,856,455,409,893,1,"225 % урона одному врагу, восстанавливает 50 % здоровья от урона",,Таверна,Чернокнижник,Урсула.jpg (https://baserow-backend-production20240528124524339000000001.s3.amazonaws.com/user_files/MOjN4zwAEg1nHYWixhONUhb4oO0a3JHc_8ab08e48e430ccaa0bc5f94b983d7c649541bfeccaebb170bcd65a0144149b64.jpg)
49,Аврора,Синий,4,Быстро,1212,605,729,1008,1,"345 %, снимает усиления всем противникам",,Таверна,Паладин,Аврора.jpg (https://baserow-backend-production20240528124524339000000001.s3.amazonaws.com/user_files/aDn6qATISYXDakpSuPMckDJGdmdIMfwt_65fd6235abf4c26f598ee7bb6137aa04cf9376c01c38b803afc12379ab59f02c.jpg)
50,Адалин,Синий,4,Очень быстро,1240,693,588,1167,1+2,"150% урона врагу и ближайшим, герой получает +10% общей атаки при использовании навыка. Суммарно - 100% атаки",,Пустошь,Следопыт,16.jpg (https://baserow-backend-production20240528124524339000000001.s3.amazonaws.com/user_files/GOBSKl0xjCIjW7L5hVYv0fayZN0YrEWH_ab87771267c246c539afc2ab0cd25e32fb8ac9a6f3c65da982b835cedb316e36.jpg)
51,Хагуфан,Зеленый,3,Средне,820,451,415,761,1+2,260 % урона врагу + нескольким,,Таверна,Следопыт,Хагуфан.jpg (https://baserow-backend-production20240528124524339000000001.s3.amazonaws.com/user_files/BppDBXanc4oW7pRl4VYbVw7hjl8NAUnl_dba44a285e493b08637fd1f204822084c23dd7d43c948c4aa304314db0960ac9.jpg)
52,Морис,Зеленый,5,Средне,1462,728,708,1347,1,450% урона врагу. Повышает вероятность критического удара всем союзникам на 30 % в течение 3 ходов,,ГМ,Следопыт,06.jpg (https://baserow-backend-production20240528124524339000000001.s3.amazonaws.com/user_files/uuWA7KW20d3ReY3Mow5xu3Y2pzWdIRQY_b1d93c30721c4664c16bb39f28e60cb787daefa3afb453508eab0844cec1e9e6.jpg)
53,Хаммунд,Зеленый,3,Средне,818,456,448,678,1+2,"Восстанавливает 37 % здоровья себе и нескольким героям, повышает скорость восстановления маны на 24 % на 3 хода себе и нескольким",,Таверна,Монах,Хаммунд.jpg (https://baserow-backend-production20240528124524339000000001.s3.amazonaws.com/user_files/VIBGOv5ffoJ5hiNV1jipHfjzEDnkDZsO_91ca417bc71363f8f1572d70144b77bdfc1ca6d810066f09b0c534d193005d5f.jpg)
54,Хельга,Красный,4,Быстро,1214,673,684,932,1,"320 % урона одному врагу, наносит 306 урона за 6 ходов",,Таверна,Разбойник,Хельга.jpg (https://baserow-backend-production20240528124524339000000001.s3.amazonaws.com/user_files/ko0R2lAXcOMbPjcYB7VVPX9NIsMlxrNN_875658343752a091b4632db452a4772ca4cdc1d17c8ddd3349ab17803c5c8a6b.jpg)
55,Химми,Зеленый,3,Быстро,822,473,429,687,1,"320 % урона одному врагу, снимает усиления всем",,Джунгли,Жрец,08.jpg (https://baserow-backend-production20240528124524339000000001.s3.amazonaws.com/user_files/DBL4wBMG5Jx9T42lpSLRzXie1oz47VT1_4461f4d53dd0a90e1326df4c9bc768d65e409b2df59241fa2c3ed487f8575d6e.jpg)
56,Элора,Красный,4,Быстро,1208,765,505,1036,1+2,"215 % урона одному врагу + нескольким, снижает атаку врагу и нескольким на 34 % на 6 ходов",,Таверна,Разбойник,Элора.jpg (https://baserow-backend-production20240528124524339000000001.s3.amazonaws.com/user_files/bERyxypoTfE6o2lcldpJmikdNAlplXBz_ab562002ef50260c0109efcf21d95ab37c39c18381b5ec6279194be9865e7f7e.jpg)
57,Эльдэт Ветрин,Желтый,4,Медленно,1202,601,629,1180,Все,"175 % урона всем, снижает меткость всем противникам на 35 % на 4 хода",,Таверна,Воин,Эльдет Ветрин.jpg (https://baserow-backend-production20240528124524339000000001.s3.amazonaws.com/user_files/x8E7pCq74t8zgq3Xc18N6XVOGPyxWnNx_05e385a8f0cfd2560a206daa7b4ed0e191186196631e1330c51fc01b7e231327.jpg)
58,Эмбер,Красный,3,Средне,816,496,434,597,Все,Восстанавливает 32 % здоровья всем,,Таверна,Жрец,Эмбер.jpg (https://baserow-backend-production20240528124524339000000001.s3.amazonaws.com/user_files/5ePXBNTyYQ3AifnHg6ozwCejiEKM8T7T_4d632e51b62c077c12b0eb38d6886c01a7ded3b3088509f6f8e31aaf72e3140a.jpg)
59,Эстела,Желтый,4,Быстро,1210,605,673,1112,1,315 % урона одному на 25 % снижает количество маны,,Таверна,Следопыт,Эстела.jpg (https://baserow-backend-production20240528124524339000000001.s3.amazonaws.com/user_files/rN2sdS34BASibsm1JzvtkKpciwJRSkEH_6c865571ec3fe56246cefe34a80ca527ae79e0f18ac4ec5e91ab5a4f4e8f6bce.jpg)
60,Калеб,Зеленый,4,Быстро,1216,643,638,1107,1,"320 % урона врагу, блокирует использование и накопление маны врагу в течение 3 ходов",,Остров сокровищ,Разбойник,01.jpg (https://baserow-backend-production20240528124524339000000001.s3.amazonaws.com/user_files/K25iRtm25IdhQPAhQM0Ta5G4EwUZQ2im_d079adac9dec218d5e4e5d5116b859e8ef58b1ed79b27d0b0b92189c4cee1315.jpg)
61,Луна,Синий,3,Быстро,838,438,428,832,1,"280% врагу. Чем больше маны, тем больше урон, максимум 400%",,Остров сокровищ,Паладин,17.jpg (https://baserow-backend-production20240528124524339000000001.s3.amazonaws.com/user_files/0TXopVyqBZhy9LFHjr6H0JdqvkSY9rEP_b6149aa825615d0233e963bfc539439d2c3353f9d9ebc8f1087b5e032f99c363.jpg)
62,Амара,Фиолетовый,4,Средне,1216,538,663,1321,Все,"205 % всем противникам, защита против стихии солнца себе и ближайшим на 94 % на 3 хода",,Остров сокровищ,Варвар,09.jpg (https://baserow-backend-production20240528124524339000000001.s3.amazonaws.com/user_files/XwHBw87NBOcH1NBIqii86b6pTFc2edBD_9326b0fb81eaaed79be622103282289e8103e5a9a27ff5298d85f63c6aa184ce.jpg)
63,Гу Лунь,Желтый,5,Средне,1432,729,716,1219,1,"356 % урона одному врагу, восстанавливает 75 % здоровья, снижает ману на 40 %",,Таверна,Монах,Гу Лунь.jpg (https://baserow-backend-production20240528124524339000000001.s3.amazonaws.com/user_files/RoO546vE9Ht9z54ChFkTdbLlCxYhVxkh_171abb2f0d6363c351ba76790c78af2fa1acd10fa7ceca667eeb6e9424dc1221.jpg)
64,Фэйра,Красный,5,Средне,1476,693,723,1457,1+2,"244% урона врагу и ближайшим, снижает количество маны врагу и ближайшим на 18%, все союзники отражают все ослабления и 110% урона от навыков стихии Воды в течение 4 ходов",,Джунгли,Чернокнижник,52.jpg (https://baserow-backend-production20240528124524339000000001.s3.amazonaws.com/user_files/R8OmPxZ3iuRt76dqQif5RP70bsEtX96T_a454905cd262625550cbb252f2076127a21a532f403a4d1896fa9d6654da40e9.jpg)
65,Дэймон,Желтый,3,Медленно,890,483,465,827,1+2,"270 урона цели. Атака проходит через всех, кто стоит рядом",,Остров сокровищ,Варвар,19.jpg (https://baserow-backend-production20240528124524339000000001.s3.amazonaws.com/user_files/9jVOluLth6wNph510vdzIEDWlW5n3WoF_514149c7d3486af235777fc002a3d4f3f8b9ff1cd499a8212864eab0906c188d.jpg)
66,Изабель,Фиолетовый,5,Медленно,1488,773,723,1298,Все,"168 % урона всем, восстанавливает всем 612 здоровья за 4 хода, повышает защиту на 30 % на 4 хода, все получают благословение - если умрет за 4 хода, то переродится в зомби",,Остров сокровищ,Монах,15.jpg (https://baserow-backend-production20240528124524339000000001.s3.amazonaws.com/user_files/8YWPd8LaJLxlfDDzMCRx7fWMt7qad7P7_b36ea40e2b2d5ac4d5730a416b4886f1e5e0bf06ebf38a9f45e54bb9e22ede5f.jpg)
67,Ба Ракса,Желтый,5,Средне,1474,738,733,1313,Все,"175 % урона всем, снижает количество маны всем на 12%, снижает меткость всем на 35% на 4 хода","Устойчивость к ослаблениям, влияющим на восстановление маны",ГМ,Следопыт,09.jpg (https://baserow-backend-production20240528124524339000000001.s3.amazonaws.com/user_files/gqBFlUlDiEgyHXyOMLsp3nio6FvU604S_890fc7195b5181763de5093977ff1fc3183c845ec78ed3b0bac2590370fb87a4.jpg)
68,Моргана,Красный,5,Очень быстро,1518,773,733,1382,Все,"125 % урона всем, все невосприимчивы к дебафам 2 хода, герой забирает 60 % исцеления всех противников на 2 хода","Когда использует навык, 50% шанс украсть усиление у случайного противника. Если нет усилений - 70 % урона всем противникам",Хэллоуин,Чернокнижник,12.jpg (https://baserow-backend-production20240528124524339000000001.s3.amazonaws.com/user_files/c7Yu1TIvEAkFdl4Q7EXfbt07sUdyL94D_87e2185508c96b836c6be8a1994ddc5116555403aa31c3421c815d158f957157.jpg)
69,Непторий,Зеленый,5,Средне,1468,738,713,1332,1+2,395% урона врагу и немного ближайшим. Крадет снимаемые усиления у всех противников и случайным образом распределяет их среди союзников,,Подводный мир,Жрец,02.jpg (https://baserow-backend-production20240528124524339000000001.s3.amazonaws.com/user_files/oAbZd5pBb1vMpBiUu6VV2VF8MFkzq7yX_8f98bc7bf287750d06cd92cbe93f94cbb220db9c4c5149f54339a1a8617b5715.jpg)
70,Логан Винд,Синий,5,Быстро,1500,778,738,1298,1,"600% урона, если у цели меньше 50% здоровья, и 300% если больше. Восстанавливает здоровье на 50 % от нанесенного урона",,Пустошь,Воин,26.jpg (https://baserow-backend-production20240528124524339000000001.s3.amazonaws.com/user_files/II9CMwNLdbEKPZmVWO8jfUDiWRea5xMB_1ac368023ab6627c608fd1e2bbcb18b95db507a0b23fe53a1a7bc6578a8f1e78.jpg)
71,Сильвия,Синий,5,Быстро,1490,753,743,1313,1,"385 % урона одному, если есть усиление, то удар нацеливается на следующего врага с усилением, если у врагов нет усилений, то он бьет случайного врага. Урон уменьшается при каждом попадании, не  больше одного удара по врагу. Снижает защиту всем затронутым целям на 34 % на 3 хода",,Остров сокровищ,Следопыт,07.jpg (https://baserow-backend-production20240528124524339000000001.s3.amazonaws.com/user_files/8e0BY8XwyUvOa6b3MAPw4VBChuMwL7ZZ_3ba4c481e67846c70ce87f5001faa784f1f1b9984f10d57dd49f3c622f1e6980.jpg)
72,Эсмея,Фиолетовый,5,Быстро,1504,763,743,1342,Все,"Повышает защиту всем на 30% на 4 хода, все получают прислужника с 21% здоровья и 21% атаки героя, прислужник даёт 118% атаки всем остальным прислужникам своего владельца",,Пустошь,Друид,32.jpg (https://baserow-backend-production20240528124524339000000001.s3.amazonaws.com/user_files/net7GyH6Bmxn7mh3eGUMlPAISreCH9ED_06c6e7b2e2f02039bd9006f7acbe18de605b753e06023ffde1438b1c36b6f341.jpg)
73,Виктор Штейн,Зеленый,5,Быстро,1518,778,743,1352,1+2,"225 % урона одному врагу + нескольким, снимает ослабление со всех в течение 3 ходов",,Хэллоуин,Разбойник,06.jpg (https://baserow-backend-production20240528124524339000000001.s3.amazonaws.com/user_files/UAQI7typVbHbGUIthCbMA8imt4RRlroH_7918fe548234643c2c9dca78bfda142759846e3bbe0a2b64eb7f5565b546d1e5.jpg)
74,Эйрон,Желтый,4,Быстро,1240,678,598,1187,1+2,"176% врагу и ближайшим противникам, снижает скорость восстановления маны врагу и ближайшим на 65 % на 3 хода, враг и ближайшие невосприимчивы к новым усилениям в течение 3 ходов",,Пустошь,Жрец,12.jpg (https://baserow-backend-production20240528124524339000000001.s3.amazonaws.com/user_files/JnXZOBBHpQvvrXA9TAmMIPexS5LUHraZ_7cbcc992872eff4fa53cacef9f05e25fa3307acac7cd012ba82a84eaee822f52.jpg)
75,Энцо,Красный,5,Быстро,1510,773,753,1313,1,"284% урона врагу, 60% шанс пробить защитные усиления и контратаки, восстанавливает себе 560 здоровья за 4 хода, 200 урона за 4 хода врагу, если герой погибнет в следующие 4 хода, то воскреснет с 30% здоровья со всеми усилениями и ослаблениями",,Пустошь,Воин,24.jpg (https://baserow-backend-production20240528124524339000000001.s3.amazonaws.com/user_files/ZMZlB8tUxmPJlg66b8XW1LTKIR7Q7rLl_e05a694dd852556dd4565b3d51a363818299f275b3a6afdd466f73b0f6758241.jpg)
76,Роза,Зеленый,5,Быстро,1466,728,713,1352,1+2,"210 % урона одному врагу + нескольким, снимает усиление всем, понижает защиту от природы на 55 % на 4 хода, восстанавливает здоровье всем союзникам стихии природы 24 % за 6 ходов",,ГМ,Следопыт,11.jpg (https://baserow-backend-production20240528124524339000000001.s3.amazonaws.com/user_files/oMY8KTxfAsgw9zGVj8B0cRh5hBygwuKO_a3edde981df24e0fa0c501842e646eb095479aec4f2c0cb5b85ba246d1d8e81d.jpg)
77,Мэй,Синий,5,Средне,1522,724,784,1421,1+2,445 % урона врагу + нескольким,,Таверна,Паладин,Мэй.jpg (https://baserow-backend-production20240528124524339000000001.s3.amazonaws.com/user_files/z4q7hXsn7zkv1kW1jh1poWrj1wkvG24J_cdbfc56150e1025659632504a0892fc2f713f69129f11fc1c613fe148b17c429.jpg)
78,Саргатан,Красный,5,Средне,1470,698,793,1278,Все,"220% урона всем, все союзники восстанавливают здоровье на 23% от урона, повышает защиту от стихии воды всем союзникам стихии огня на 45 % на 4 хода (нельзя снять). ","Врожденная устойчивость к ослаблениям, влияющим на восстановление маны. Не блокирует сокращение маны",ГМ,Волшебник,02.jpg (https://baserow-backend-production20240528124524339000000001.s3.amazonaws.com/user_files/wzcik3WgveKmEKaDpLzM1uSP5wGCDBaN_5e872b574a42a5339e39b84400cfe2df2e84c0f477d17e52defe7e5d5ddd8335.jpg)
79,Мирелла,Синий,3,Средне,846,483,398,807,1+2,"Наносит 250% урона врагу и немного ближайшим, понижает защиту против стихии воды всем затронутым на 50% на 4 хода",,Пустошь,Варвар,04.jpg (https://baserow-backend-production20240528124524339000000001.s3.amazonaws.com/user_files/l7E5JMJtOYyBzmf04P7lfyZdQmxdcpaP_c2718130f6ad5c890ef16a130f70ce201cce5504414306dc9cc202f202d1c367.jpg)
80,Фейра,Красный,3,Средне,852,418,473,842,1+2,"Наносит 224 % урона врагу и ближайшим, снижает скорость восстановления маны врагу и ближайшим на 22% на 4 хода",,Пустошь,Паладин,10.jpg (https://baserow-backend-production20240528124524339000000001.s3.amazonaws.com/user_files/JyqnnHRCybjRbzMQiC7YSGGXzYpWB26g_9862a64fe9f4c328ddf0ce0e082f9474310c2510e5474c9c68e74d11c8c4e5c4.jpg)
81,Астра Глэйд,Желтый,3,Быстро,852,428,423,916,Все,"Призывает прислужника всем с 15% здоровья и 16 % атаки героя, каждый удар прислужника: 50 единиц урона от яда в течение 2 ходов. Враг не может получить новых прислужников в течение 4 ходов",,Пустошь,Друид,08.jpg (https://baserow-backend-production20240528124524339000000001.s3.amazonaws.com/user_files/azGkK3uoVuanu7kDVv0gRQbmVjN2xsL5_8a2ada588d6a550cf66c9682413e0dd530ddbe52008642d507f4efc45a1d3a96.jpg)
82,Ториус,Фиолетовый,4,Средне,1240,718,618,1047,1,"Герой впадает в Ярость, которая снимает все усиления и ослабления. Наносит рандомно 152 % урона,  не может получать ману но невосприимчив к обычным атакам, атакам с использованием спец. навыков, усилениям и ослаблениям. Длится 4 хода",,Пустошь,Варвар,14.jpg (https://baserow-backend-production20240528124524339000000001.s3.amazonaws.com/user_files/bUHOXnGhHhskTy2X3qVAfv3l8zpd4fzl_18313cd507b2ce7083af08cebd9a2eb873b57879e9bd89cb882f080ceb604960.jpg)
83,Теодор Крест,Красный,4,Медленно,1252,713,628,1077,Все,"220% урона всем, урон увеличивается на 72% за каждого мертвого противника. Точность каждого удара - 82%",,Пустошь,Монах,18.jpg (https://baserow-backend-production20240528124524339000000001.s3.amazonaws.com/user_files/CTXkonm7mnJSFYyn1xR9QiPxmQ0cTTS6_744384e2cf4f8c4516e8f54979b8cf6451c64a46c7a021e059ebd1b675ba5a26.jpg)
84,Люсиль Найтс,Зеленый,4,Быстро,1238,673,605,1177,1+2,"Мгновенно восстанавливает себе и ближайшим 38 % здоровья, повышает защиту себе и ближайшим от навыков на 75% на 3 хода, повышает скорость восстановления маны себе и ближайшим на 25 % на 3 хода,  цель и ближайшие союзники невосприимчивы к снятию усилений в течение 3 ходов",,Пустошь,Разбойник,20.jpg (https://baserow-backend-production20240528124524339000000001.s3.amazonaws.com/user_files/F4GLHfPexCbsSE8FURyeWQ5ggy4tqU5j_e72c98eb748d5dedfe2f105e24e5c9581f01de252b4663942f106a57e64d6771.jpg)
85,Артур,Синий,5,Средне,1438,643,815,1258,1+2,"415 % урона врагу + нескольким, снижает меткость врагу и нескольким на 34 %",,Таверна,Паладин,Артур.jpg (https://baserow-backend-production20240528124524339000000001.s3.amazonaws.com/user_files/EPmIfC4yiaXJRA2IaSYifQFX67jOgK62_a440d0231f41cc151101a2264d8e2ce04b48cf1ff32d8f82ba8ffa32a60bd40b.jpg)
86,Леон Скай,Фиолетовый,3,Средне,844,453,428,817,1+1,"200 % урона врагу, 350 % урона случайному противнику. Если противник один - получает второй удар",,Пустошь,Монах,06.jpg (https://baserow-backend-production20240528124524339000000001.s3.amazonaws.com/user_files/SZncTDpZU3zh2wsIrhFS8y6xCfNo30U9_15c9fdba6b5f01904b9acedacd98899341a06de07671bc276d6cfe1a81769f1b.jpg)
87,Найра,Зеленый,3,Средне,844,428,438,857,1+2,"Себе и ближайшим: восстанавливает 620 здоровья за 4 хода, повышает атаку на 45 % на 4 хода, повышает защиту на 45% на 4 хода. Затем себе на 4 хода: понижает защиту на 32%, регенерацию маны на 25 % (нельзя снять)",,Пустошь,Паладин,02.jpg (https://baserow-backend-production20240528124524339000000001.s3.amazonaws.com/user_files/fyMra0HIQF5ihtikvhOzxUiTnmuKlp2j_20a9054344c94a8c817076d4f71d47b88e86774967e8ebdb34f61ae4f2238060.jpg)
88,Галатион,Синий,4,Быстро,1226,618,678,1127,1,"265% одной цели. Если у цели есть прислужники - уничтожает их и повторяет атаку на следующем противнике с прислужниками, либо на случайном противнике. По каждому врагу бьет максимум один раз",,Подводный мир,Паладин,14.jpg (https://baserow-backend-production20240528124524339000000001.s3.amazonaws.com/user_files/4lbQVaY3feuF2Jfertzb6ooPN6rwVwqX_35e41021a754b267c9d25cfea8c3d79f1b72f4ee12e167da738feefa24f9dc2c.jpg)
89,Торвальд,Фиолетовый,5,Медленно,1472,619,818,1437,Все,"Мгновенно восстанавливает всем 40% здоровья, снимает ослабления союзникам, снижает защиту всем на 35 % на 4 хода","Врожденное сопротивление к ослаблениям, влияющим на защиту. Не работает против ослаблений, нацеленных на конкретную стихию",ГМ,Жрец,13.jpg (https://baserow-backend-production20240528124524339000000001.s3.amazonaws.com/user_files/dLdoFd3EUf5hKsP33oDw14AXRUTieQkX_790d920d809861e2d6eea6deb5761f70dce0e76b6325b0b1b8217db3945a8821.jpg)
90,Гарольд,Зеленый,5,Медленно,1434,656,649,1542,Все,"225 % урона всем, снижает атаку всем противникам на 34 %",,Таверна,Друид,Гарольд.jpg (https://baserow-backend-production20240528124524339000000001.s3.amazonaws.com/user_files/A9rCcYwhe91djZRCEA5fhNv1c1BHUWBl_f0f85a137ccc4222bbde608c0d0220cb910185414b9a0291808a13b370b49c90.jpg)
91,Зельда,Синий,3,Средне,836,418,450,827,Все,"105% урона всем, повышает скорость восстановления маны всем на 24% на 1 ход, снижает количество маны всем на 20%",,Лига авантюристов,Монах,17.jpg (https://baserow-backend-production20240528124524339000000001.s3.amazonaws.com/user_files/lJbxBE7CcJK7gLzylz9VGrucKFSp4I3s_6e9f678a8800dcf2d69f3eb2e69d723718be6251f05ad91d5c5161dba6d6f759.jpg)
92,Спайк,Синий,3,Средне,888,453,488,852,Все,"Восстанавливает 32 % здоровья всем, повышает защиту против стихии Природы всем на 94 % на 4 хода",,Темнолесье,Воин,11.jpg (https://baserow-backend-production20240528124524339000000001.s3.amazonaws.com/user_files/M5FMGoFrQu4fQZhS3WJirDdJ3t2Mu0An_6a12ff56059342fbb009edd576db8729a1e3d104990a0f82f27a1c35edeaf2be.jpg)
93,Гилдрим,Фиолетовый,3,Очень медленно,890,433,508,867,Все,"280 % урона всем, снижает скорость восстановления маны на 35% на 6 ходов, снижает атаку на 35% на 6 ходов, снижает защиту на 35% на 6 ходов",,Лига авантюристов,Волшебник,29.jpg (https://baserow-backend-production20240528124524339000000001.s3.amazonaws.com/user_files/5oPnZCWqN9PVsJ5NiRVyzJxL6DlhWkID_d91a8fee30db01d09e522f376ad2d6e31fa6266d9efd7efff5b54cc880e74a52.jpg)
94,Пудинг,Зеленый,3,Быстро,822,538,388,607,1,"285 % урона врагу, снижает количество маны на 20 %, призывает прислужников всем с 7 % здоровья и 10 % атаки от героя",,Новый год,Воин,06.jpg (https://baserow-backend-production20240528124524339000000001.s3.amazonaws.com/user_files/QPEzseB42BlAeuVIpl1vPwMvk36BT0u5_ce9af7870a149a0027dadd77df8ea41b3a7241e34c4b96cece2acb1ba39a5d3d.jpg)
95,Лола и Ник,Синий,3,Средне,878,438,523,782,Все,"Мгновенно восстанавливает 33% здоровья, призывает прислужников с 7% здоровья и 10% атаки от героя",,Новый год,Воин,07.jpg (https://baserow-backend-production20240528124524339000000001.s3.amazonaws.com/user_files/9dHKULNwG65E571pPUwNrZdXbkOVB32S_f1a6fcbe10a96e46636884be64e7b9b6c9a6dea92f5f872c38041a06a9f9b98f.jpg)
96,Кот Фергус,Зеленый,3,Очень быстро,890,493,448,842,1,"250 % урона врагу, кровотечение: 150 урона за 2 хода",,Забытые сокровища,Разбойник,02.jpg (https://baserow-backend-production20240528124524339000000001.s3.amazonaws.com/user_files/OVaElt9fnQPfaXswrhUwR43shKh2UJk9_514a172fb169e605c22861ce2b38ebe931cb6fe55f657a920655777026cac1e7.jpg)
97,Дориана,Зеленый,3,Медленно,838,348,513,887,1,"Провокация на 4 хода, повышает защиту себе на 65% на 4 хода (нельзя снять)",,Подводный мир,Монах,16.jpg (https://baserow-backend-production20240528124524339000000001.s3.amazonaws.com/user_files/2nvuAiFy2kHN2Y1bCltLXHXPrAetnHJB_056561cf4d51f8a0664454021d43efe0a42e95b3cb276b9a467137758b170c2c.jpg)
98,Алеша Попович,Зеленый,3,Быстро,818,538,378,607,1,"350 % урона врагу, снижает себе защиту на 20 % на 3 хода (нельзя снять)",,Сказки,Следопыт,02.jpg (https://baserow-backend-production20240528124524339000000001.s3.amazonaws.com/user_files/AbU5HDn27rvdNLuORc2hXFhiPy1hF1tb_52d1b127bf786372c0d1370e6687243be462cf9e337c73b49b0cf62b7656054d.jpg)
99,Водяной,Синий,3,Средне,852,523,413,697,Все,"180 % урона всем, снижает атаку себе на 20 % (нельзя снять)",,Сказки,Паладин,04.jpg (https://baserow-backend-production20240528124524339000000001.s3.amazonaws.com/user_files/tIHk8KS7tpb35crnI4n3gyNhac90ESiH_cb6c1d56b0c194064eeffa42bf6f6a4b068fb9c77599498b1bfc84c32efd00e2.jpg)
100,Фрея пантера,Синий,3,Средне,838,428,433,847,1,"285 % урона врагу, метка тишины (20 % урона, сжигает 50 % маны цели, действует 3 хода)",,Забытые сокровища,Жрец,04.jpg (https://baserow-backend-production20240528124524339000000001.s3.amazonaws.com/user_files/ba5k1VyBspXc0vNRxlCvvqvNyb58JABg_21669bb98215a021484f6c9ec51c97d289bdfd32d2c0580d41dee000de098439.jpg)
101,Джарет,Зеленый,3,Средне,836,433,418,857,1+2,"270 % урона врагу и ближайшим, урон увеличивается на 60 % за каждого мертвого союзника",,Темнолесье,Волшебник,09.jpg (https://baserow-backend-production20240528124524339000000001.s3.amazonaws.com/user_files/GMTPWV5XVBw8ahDNJ0q16RRBtKQPWzRB_0e38403fcfb1e95a33f710a0fc5cf2d85b0c057379b651f2787777aa65985b11.jpg)
102,Берик,Желтый,3,Медленно,824,473,418,712,Все,"130 % урона всем, снимает себе ослабление, снижает исцеление на 50 % на 2 хода (нельзя заблокировать)",,Летняя вечеринка,Воин,04.jpg (https://baserow-backend-production20240528124524339000000001.s3.amazonaws.com/user_files/fWKTyLL04gdflpZTEBWgrY2f7vZZBoiV_3f8c4a727ccb07c2a59228d25bcdba818faac8624b8c65289116b9bcb7a7929b.jpg)
103,Фангорн,Синий,5,Средне,1470,733,723,1332,1+2,"285% урона врагу и ближайшим противникам, снимает усиления врагу и ближайшим, повышает защиту против стихии природы всем на 45 % на 4 хода (нельзя снять), понижает защиту против стихии воды врагу и ближайшим на 50% на 4 хода",Врожденная устойчивость к ослаблениям на атаку,ГМ,Паладин,01.jpg (https://baserow-backend-production20240528124524339000000001.s3.amazonaws.com/user_files/Cvd7m9ECAvK753aCEkzR0twxA2ZpmZwE_23016c02cd1876181b702f8b4fa2632b3a6623566960186002a66102f0128e84.jpg)
104,Мартин,Желтый,5,Средне,1456,668,775,1342,Все,Повышает защиту против стихии Смерти себе и ближайшим на 54% на 4 хода. Восстанавливает себе и ближайшим 612 здоровья за 4 хода. Снижает количество маны всем противникам на 20 %,,Лига авантюристов,Волшебник,27.jpg (https://baserow-backend-production20240528124524339000000001.s3.amazonaws.com/user_files/E6de3FWORRuQurqhEZeCcOlrgdeZDPQW_45adb3e6d40c479e468cc9d5a6dcc75abe81055822eeb5b09b6bf32ee980bc0c.jpg)
105,Шамп Ур,Красный,4,Средне,1214,753,530,1043,1,256% урона одному. Повышает атаку себе и ближайшим на 48% на 4 хода. Повышает скорость восстановления маны себе и ближайшим на 34% на 4 хода,,Лига авантюристов,Воин,15.jpg (https://baserow-backend-production20240528124524339000000001.s3.amazonaws.com/user_files/AJAkdMOVBjA4eDOlAMIUv9zQb8TzQld8_0730978bb01f40a1268192f762628064209a4c032df9252d1a79680fc97a667e.jpg)
106,Райнер,Синий,5,Средне,1458,708,733,1332,1,Наносит 468 % урона одному. Повышает защиту от навыков себе на 74% на 4 хода. Снижает атаку и защиту цели против стихии Воды на 40% на 4 хода.,,Лига авантюристов,Паладин,23.jpg (https://baserow-backend-production20240528124524339000000001.s3.amazonaws.com/user_files/eBxjfXHmaoGXq5I23IQ3UIKXPi4SS10q_44733cd8d842500cfcabb4409ce34929503f388c37d0ff491bc03f8c7b080b72.jpg)
107,Элизабет,Фиолетовый,4,Средне,1214,678,658,971,1,"220% урона врагу. Чем больше маны у цели, тем больше урон, максимум 250%. Цель автоматически использует безумную атаку на случайном союзнике когда заполняется шкала маны. Безумие действует 3 хода",,Лига авантюристов,Волшебник,21.jpg (https://baserow-backend-production20240528124524339000000001.s3.amazonaws.com/user_files/rIVcQ7UIxpoU7CU8MvJLdUt6mMtbjktT_54bb4edeb3e063cf50702cab63de127714fd3bc657f64763aa5f4eda0e0f7779.jpg)
108,Цезарь,Зеленый,5,Средне,1470,731,725,1333,Все,"170% урона всем. Чем больше маны у целей, тем больше урон, максимум 289%. Если герой погибнет в следующие 5 ходов, то он воскреснет в начале следующего хода с 24% здоровья. Все усиления и ослабления убираются если герой умирает",,Джунгли,Варвар,07.jpg (https://baserow-backend-production20240528124524339000000001.s3.amazonaws.com/user_files/pwKdQSi7fEaYNFJwYqi1FFM8Rbh8fwuR_1b23397ec85838dee17528a7928a8db7f758238e5bf51c859b935d0435a9f070.jpg)
109,Вайтарисс,Зеленый,5,Очень быстро,1464,818,649,1248,1+2,150% урона врагу и ближайшим. Повышает защиту против стихии огня всем союзникам стихии природы на 45 % на 4 хода. Нельзя снять. Герой и ближайшие получают +67% шанс уклониться от прямой атаки навыком на 3 хода,Невосприимчив к снятию усилений,ГМ,Разбойник,03.jpg (https://baserow-backend-production20240528124524339000000001.s3.amazonaws.com/user_files/7X32wgaVoHctMxksG0H6ou5VRK5arZEi_c025b53f9c4b6e79b37e6039864b429dbe1cb1358dc9f76d0bb6e27957bfb805.jpg)
110,Рэтбоун,Красный,5,Средне,1486,611,843,1457,Все,Герой получает провокацию на 3 хода. Все союзники получают +45% к атаке. При каждом ударе по ним получают еще + 20% к атаке. Действует 3 хода. Может заблокировать любой получаемый урон с вероятностью 50 % в течение 3 ходов,,Лига авантюристов,Варвар,13.jpg (https://baserow-backend-production20240528124524339000000001.s3.amazonaws.com/user_files/rjpxiJQPFGK3Fsduyj5VdizW439agxnc_669b6d7bdae642d741f3dc7097b4c87c78358ee7f99d0b02fb491196e741221e.jpg)
111,Бурн,Красный,5,Средне,1456,659,738,1437,1+2,Восстанавливает себе и ближайшим 720 здоровья за 4 хода. Повышает атаку себе и ближайшим на 55 % на 4 хода. Повышает защиту против стихии огня на 15 % на 6 ходов. Повышает вероятность крита себе и ближайшим на 35 % на 4 хода,,ГМ,Паладин,04.jpg (https://baserow-backend-production20240528124524339000000001.s3.amazonaws.com/user_files/6FgWor7uI3b7AAz2O2B71S6GmddiXkLt_d6a5a016a923956d7428089b6b8ac4f18ec94157a5e89a942998f3eaf4675098.jpg)
112,Леонардо,Синий,5,Средне,1470,728,766,1258,Все,Восстанавливает всем союзникам 40 % здоровья. Повышает скорость восстановления маны всем на 24 % на 4 хода. Снимает всем союзникам ослабления,,Джунгли,Жрец,01.jpg (https://baserow-backend-production20240528124524339000000001.s3.amazonaws.com/user_files/F6DiSU5O9GdzL1ngeQGMvuXP6nGVa5IM_a8b8b07af3314f6d5acfe2a59b878aa5b4bd7924406f27f0d82a203c8c5a1e07.jpg)
113,Шинохара,Зеленый,4,Медленно,1222,616,688,1092,1+2,165% урона врагу и ближайшим. Восстанавливает себе и ближайшим 612 здоровья за 4 хода. Повышает атаку всем на 48%,,Джунгли,Друид,02.jpg (https://baserow-backend-production20240528124524339000000001.s3.amazonaws.com/user_files/er6TNdhbywCKByIWH7kYjdqlSEHYWK7H_2ae9ad6d663c37fae337c2df9437f13182f110da79e99f6d1d289d419036c4a8.jpg)
114,Лоа,Фиолетовый,5,Средне,1476,758,728,1283,Все,"130% урона всем. Если у цели больше 50 % здоровья, то наносит 260 % урона. Наносит дополнительный урон стихии Солнца. Все союзники отражают все ослабления и 115% урона от навыков противников стихии Солнца в течение 4 ходов",,Джунгли,Чернокнижник,04.jpg (https://baserow-backend-production20240528124524339000000001.s3.amazonaws.com/user_files/LUKYtyPhYHSw3QCNxJW9vy0oQVuC0I7x_ab7fd6eb7f5026c99e05d858f24190cb9ff257c77d34f78529066dfcfa3a7d40.jpg)
115,Гудвин,Зеленый,5,Быстро,1440,694,764,1244,Все,"170% урона всем, повышает защиту от навыков на 74%",,Таверна,Друид,Гудвин.jpg (https://baserow-backend-production20240528124524339000000001.s3.amazonaws.com/user_files/iXu7TV4kgJkHzR6mxWqxE1eQTFwSQpZu_900fe25df84498ef3766e62056c94df0895aab91bfe3b75acf4db91107783b1b.jpg)
116,Джеки,Желтый,5,Быстро,1478,743,716,1347,1,"450% урона врагу. Блокирует новые отрицательные эффекты маны всем союзникам в течение 3 ходов. Все союзники получают иммунитет к новым эффектам, блокирующим особые навыки на 3 хода",,ГМ,Воин,01.jpg (https://baserow-backend-production20240528124524339000000001.s3.amazonaws.com/user_files/FJZKZoDG9phZR4NXVuJxa1A5eVqinGpb_009deb06e8c44072179879e6d4ab24ae7c5ccf31bc6b591f6802983363df9754.jpg)
117,Фиона,Синий,4,Очень быстро,1224,608,653,1192,1,"235% одному врагу, забирает 60% исцеления на 3 хода, цель получает 150 урона в течение 5 ходов. Если эффект есть - урон вырастает на 195 (максимум 3 раза)","Когда использует навык, 33% шанс украсть усиление у случайного противника. Если нет усилений - 46 % урона всем противникам",Хэллоуин,Монах,10.jpg (https://baserow-backend-production20240528124524339000000001.s3.amazonaws.com/user_files/JbqlCSVilfSZLOWk6oFQSzWYoXokvDa2_b312f096b03b80c29eedb80b7be351ab4e0c5e31710ed87defdd40beadb82961.jpg)
118,Октавия,Зеленый,5,Быстро,1462,763,685,1303,Все,145% всем. Снимает усиления всем противникам. Снижает атаку всем противникам на 34% на 4 хода,,ГМ,Волшебник,10.jpg (https://baserow-backend-production20240528124524339000000001.s3.amazonaws.com/user_files/yivM4EdLWQb2eeeUrwC95BYLElDupxm8_03bfd0fc21ca350880f101377ec602d756e493c0397a826611cb47cf2e42f21e.jpg)
119,Мира,Зеленый,4,Средне,1226,638,613,1207,Все,165% урона всем. Убивает всех прислужников противников. Все союзники получают 80 ед. здоровья за каждого убитого прислужника,,Джунгли,Друид,16.jpg (https://baserow-backend-production20240528124524339000000001.s3.amazonaws.com/user_files/6AB2SAyezZhBKZlKVMZE8S9CjxD6cyJF_b91646c6b330fe465441cb8a7c6e6f4394741b3a3ff0c94642d54ec9fdddf271.jpg)
120,Шах,Синий,5,Быстро,1472,718,748,1327,1,310% урона врагу. Шанс 42% нанести небольшой урон случайным врагам (максимум 3 раза). Союзники получают небольшое количество маны за каждый дополнительный удар,,Джунгли,Воин,45.jpg (https://baserow-backend-production20240528124524339000000001.s3.amazonaws.com/user_files/dZocyHqKMmHiEKcW7LgmaxGmO7Ty725g_e1f4ecaa386a35a383c079574879221fdd68803b397352ed37964be46393a30b.jpg)
121,Кайлин,Красный,4,Средне,1226,603,688,1142,Все,Все союзники делят урон между собой в течение 4 ходов. Все противники делят урон между собой в течение 4 ходов. Повышает защиту всем союзникам на 60% на 4 хода. Снижает защиту всем врагам на 45% на 4 хода,,Джунгли,Монах,31.jpg (https://baserow-backend-production20240528124524339000000001.s3.amazonaws.com/user_files/MddeTEm2sWBm66Js11wNiEDi3ZszugKX_6061b1c799e0d33933026a233becd18b17430de521cb1fddf7243fda405f84b7.jpg)
122,Торвен,Зеленый,5,Медленно,1470,619,814,1432,Все,162% всем. Снимает ослабления себе. Снижает исцеление всем врагам на 50% на 2 хода. Песок в глаза: Наносит всем …,,Летняя вечеринка,Воин,09.jpg (https://baserow-backend-production20240528124524339000000001.s3.amazonaws.com/user_files/ghtNm6uJMIsSNbKuIrOkE5TLqP5oZiYf_a5482f5eefd2080a70db267e9229c94df5749329d6f7d04c897ef6e29b0827dc.jpg)
123,Виктор,Зеленый,5,Средне,1456,803,663,1228,1+2,Врагу и ближайшим 932 урона за 4 хода. Урон будет медленно увеличиваться с каждым ходом. Снимает ослабления всем союзникам,,Остров сокровищ,Чернокнижник,13.jpg (https://baserow-backend-production20240528124524339000000001.s3.amazonaws.com/user_files/H1ypz467BXrdbVnEzz2tfPRM9bfdO4nv_8b6f370ff278bfe9a72c2447733f73c18847378c4b42d349e562128769200da9.jpg)
124,Зарикс,Синий,4,Средне,1224,683,613,1082,Все,192% всем. Повышает защиту против стихии Природы всем союзникам на 55 % на 4 хода,,Джунгли,Жрец,50.jpg (https://baserow-backend-production20240528124524339000000001.s3.amazonaws.com/user_files/3zcYklodHgJ0qvNOR6l9vcIuczF3c1Ut_fc8dc0c6f05e6a0b03542750bd49ef2bc6987b5ca050f10d050c75488acd600f.jpg)
125,Снейк,Красный,5,Очень быстро,1462,723,708,1362,1+2,135% врагу и ближайшим. Кровотечение: наносит врагу и ближайшим 300 урона за 2 хода,,ГМ,Варвар,05.jpg (https://baserow-backend-production20240528124524339000000001.s3.amazonaws.com/user_files/ilMCtF7DFzDCJT83Rt2CXGursebYTkkt_33e37c9b811c326da7d461cd1da9dbd3339af8d6564a804c4e425be8396ef33e.jpg)
126,Селена,Фиолетовый,5,Средне,1536,778,723,1457,1+2,315% врагу и немного ближайшим. Блокирует накопление маны на 3 хода затронутым. Повышает атаку союзникам стихии Смерти на 15% на 6 ходов. Повышает защиту всем союзникам стихии Смерти на 15% на 6 ходов,,ГМ,Волшебник,08.jpg (https://baserow-backend-production20240528124524339000000001.s3.amazonaws.com/user_files/NeXDIPUgdIWCTe0JT5gnsAJRyEOR8DE7_62d2731c850695492d04a194d10e404ba630e95425e914f64aa8beef37cae109.jpg)
127,Хальдир,Желтый,5,Очень медленно,1458,599,793,1482,Все,"235% урона всем, урон увеличивается на 60% за каждого мертвого союзника. Восстанавливает себе 765 здоровья за 5 ходов",,Темнолесье,Друид,02.jpg (https://baserow-backend-production20240528124524339000000001.s3.amazonaws.com/user_files/5M0Ra2JXMTrO5e9hBWHsaEegoS2m0Z59_a39f3f82d58e6feaf0e3fcb4f54e03815ddc489d059201e59ba308aa7212ca63.jpg)
128,Анри,Фиолетовый,5,Средне,1456,783,584,1432,Все,250% урона всем. Снимает ослабления всем союзникам. Повышает защиту против стихии Солнца всем на 94% на 4 хода,,Темнолесье,Варвар,03.jpg (https://baserow-backend-production20240528124524339000000001.s3.amazonaws.com/user_files/Fid6V9Ai9tf1Y9UTOse6fpdYdvJK6KWZ_16c5b909b83ff10c3c46efe8487602e60d859f2e7046291d4a1374f35299538e.jpg)
129,Эдмонд,Фиолетовый,5,Быстро,1456,783,629,1347,1+2,210% урона врагу и ближайшим. Снимает усиления с врага и ближайших. Понижает защиту против стихии Смерти врагу и ближайшим на 54% на 4 хода,,Темнолесье,Воин,05.jpg (https://baserow-backend-production20240528124524339000000001.s3.amazonaws.com/user_files/KXWdq6uDpJ2FT350l0zg2MveflaferRo_947ae4414d356d93edd23cdb827b76c854747ce71fbbb752e3d312f1a0fd16a4.jpg)
130,Эол,Зеленый,4,Быстро,1216,763,528,1027,1,270% урона врагу. Понижает защиту врага против стихии Природы на 54% на 4 хода,,Темнолесье,Разбойник,07.jpg (https://baserow-backend-production20240528124524339000000001.s3.amazonaws.com/user_files/sJDFZYIdddfDXHSnlXUljfH5LgGJxx3W_3cccd3993361054d029f7e350b62f35d5683b78f9b07ac1a59fa5839f98764b7.jpg)
131,Гелион,Красный,4,Средне,1218,548,753,1122,1+2,225% врагу и ближайшим. Понижает защиту против стихии Огня врагу и ближайшим на 54% на 4 хода,,Темнолесье,Паладин,13.jpg (https://baserow-backend-production20240528124524339000000001.s3.amazonaws.com/user_files/9htvnUqjneTroyKEvzwhrnyVyUVjXhBF_4d5c994308193e9d44367d9c599c6c516071ce91f8a858318066a1d573a1dc87.jpg)
132,Светлана,Желтый,5,Средне,1462,733,703,1342,Все,Мгновенно восстанавливает всем 33% здоровья. Повышает скорость восстановления маны всем союзникам стихии Солнца на 10% в течение 4 ходов,,ГМ,Воин,02.jpg (https://baserow-backend-production20240528124524339000000001.s3.amazonaws.com/user_files/KbKYIZ8njKn5PUw9cmEH66TIetV4vjCm_77a56e3d52471f79e11dda6dc42ed8f95cd6e50b640f2d6db51c1f5d8e5df031.jpg)
133,Кира,Синий,5,Быстро,1458,723,698,1362,1,355% урона врагу. Повышает защиту против стихии природы себе и ближайшим на 46% на 4 хода. Блокирует исцеление врагу в течение 4 ходов. Понижает защиту против стихии природы врагу и ближайшим на 54% на 4 хода,,ГМ,Паладин,02.jpg (https://baserow-backend-production20240528124524339000000001.s3.amazonaws.com/user_files/dByZDTVQj3CKUXxUtnVyibJe59GRRLzH_8823042148b0d12fe9154a444568fbb1e5c85e0befd355460255ed50533f86fa.jpg)
134,Мейдра,Зеленый,5,Быстро,1456,713,718,1342,1,"Герой забирает 675 очков здоровья у цели в течение 4 ходов. Заклинание снимается если герой погибает
Повышает себе защиту против стихии огня на 94 % на 4 хода",,Лига авантюристов,Чернокнижник,19.jpg (https://baserow-backend-production20240528124524339000000001.s3.amazonaws.com/user_files/prjTX20JEO9gsOqP7uXDhKmGjkNTTq0J_d0f0489aed76995e507e0bf768bf8d8983e840e231797576498c71fe00eb702f.jpg)
135,Нимфадора,Фиолетовый,5,Средне,1466,738,708,1332,1,375% урона враг. Герой и ближайшие союзники получают +45% к атаке При каждой атаке противника по ним получают еще +18% к атаке Действует 3 хода. Восстанавливает всем союзникам стихии смерти 27% здоровья на 6 ходов. Нельзя снять,,ГМ,Разбойник,08.jpg (https://baserow-backend-production20240528124524339000000001.s3.amazonaws.com/user_files/7p71j1Dpu9a7lzRvmmH3tRi4kHR6lo6X_07f5abb20b817cfb46aaa57f7d0e1d2e47682731776eb8424dae22f6d32bb4cd.jpg)
136,Флорелия,Красный,5,Очень быстро,1596,833,783,1412,1+2,"Убивает всех прислужников. Все союзники восстанавливают 8% здоровья за каждого убитого прислужника. Все союзники получают немного маны за каждого убитогприслужника
250 % урона врагу и ближайшим. Атака имеет 100 % шанс пробить защитные усиления, включая контратаки","Когда использует навык, 50% шанс украсть усиление у случайного противника. Если нет усилений - 70 % урона всем противникам",Хэллоуин,Чернокнижник,37.jpg (https://baserow-backend-production20240528124524339000000001.s3.amazonaws.com/user_files/8Ecp9cJTSHwPweftWwGMEnFBO1Buqn34_435a80164303374f21947a72b449ad473703ccf2d7a847309957e2361c00f3a2.jpg)
137,Мордек,Фиолетовый,4,Средне,1294,623,698,1316,Все,"Мгновенно восстанавливает всем 39% здоровья. Снимает ослабления всем союзникам и противникам. Снимает усиления всем союзникам и противникам. За каждый снятый эффект, восстанавливает всем союзникам 2% здоровья, но не более 20% суммарно","Когда использует навык, 33% шанс украсть усиление у случайного противника. Если нет усилений - 46 % урона всем противникам",Хэллоуин,Жрец,33.jpg (https://baserow-backend-production20240528124524339000000001.s3.amazonaws.com/user_files/HR653r9qUlExANQCEjjmcDDORWfbBIit_376233c73f370e60effb598ef38db11034f9eb0f0f11d12a010bcbcfc49016f9.jpg)
138,Клаусен,Красный,5,Медленно,1474,614,828,1437,Все,"200% всем. Снижает атаку всем на 33% на 3 хода. Снижает защиту всем на 43% на 3 хода. Призывает прислужников всем с 7% здоровья и 10% атаки, полученной от героя",,Новый год,Монах,01.jpg (https://baserow-backend-production20240528124524339000000001.s3.amazonaws.com/user_files/alV3IabaIt8fJRSUCRbFzrDxzgZGf6d1_73f75b7f1dad607bdce9191df7351ede728d4c1e6d70475a30ef4950293f49ef.jpg)
139,Дэшер,Красный,4,Быстро,1274,623,643,1351,1,"Цель получает бомбу. Спустя 3 хода бомба взрывается и наносит 370 урона цели и тем кто поблизости. Снижает количество маны врага на 25%. Призывает прислужников всем с 7% здоровья и 10% атаки, полученной от героя",,Новый год,Чернокнижник,04.jpg (https://baserow-backend-production20240528124524339000000001.s3.amazonaws.com/user_files/ut8sUkhKUv6LxohpsXVjr0WOz0qGTjlh_749c1dbb116cddf332f0076d42b7b6dca0db66734712a73ff22f6af1b51662bd.jpg)
140,Сахара,Зеленый,5,Средне,1498,753,738,1352,Все,"Все камни стихии природы на доске становятся с +62% атаки, когда герой нападающей команды использует навык, и -55% атаки,  когда герой защищающейся команды использует навык, восстанавливает всем 40 % здоровья",,Пустошь,Монах,30.jpg (https://baserow-backend-production20240528124524339000000001.s3.amazonaws.com/user_files/PSSSthd2hLfSJBnGLI04xJfFDn5FzMmn_029cb6635d1e7fcc96241bc6b71928e91db5114d69eb6b9879f3fe73182a1f57.jpg)
141,Крапмус,Синий,5,Средне,1528,663,848,1467,Все,"Провокация на 3 хода
Повышает атаку всем на 50 % на 3 хода
Призывает прислужников всем с 7% здоровья и 10 % атаки, полученной от героя
Герой получает +43% к защите. При каждом ударе от противника по нему, получает еще +10 % к защите. Действует 3 хода
",,Новый год,Чернокнижник,03.jpg (https://baserow-backend-production20240528124524339000000001.s3.amazonaws.com/user_files/tiyjVvJUAlHOF9t3GRKDZ9MxHWwKTYKU_2d8eea2f1d78a1b4cc3e693deb1257d5d5da85892114bf1bb83bc1ec5145b2fd.jpg)
142,Снежинка,Зеленый,4,Средне,1224,528,688,1321,1+2,"Наносит 200% урона врагу и ближайшим
Снижает атаку врага и ближайших на 23 % на 3 хода
Снижает защиту у врага и ближайших на 33% на 3 хода
Призывает прислужников всем с 7% здоровья и 10% атаки",,Новый год,Следопыт,05.jpg (https://baserow-backend-production20240528124524339000000001.s3.amazonaws.com/user_files/tykA1fs80Fa6fKI1cQqOtpmIJ8OU3g9l_dcff8a881908aef88b3d6aff6e5034219865af9d9191dbadcd2d71f21acc086a.jpg)
143,Сун Хи,Желтый,5,Быстро,1440,763,678,1243,1+2,333% урона врагу и ближайшим. Исцеляет 50% полученного обычного урона в течение 5 ходов,,ГМ,Разбойник,06.jpg (https://baserow-backend-production20240528124524339000000001.s3.amazonaws.com/user_files/yinyJrdbDoOV2BiSTeUexkqWBtru9W9v_aa862c0844e6d1197753454ccd8d94e6b99063a300cb5b3131ff7f363984c265.jpg)
144,Тракк,Синий,5,Средне,1456,734,688,1347,1+2,"350% урона врагу и немного ближайшим. Повышает атаку всем союзникам стихи Воды на 15% на 6 ходов. Повышает защиту всем союзникам стихии воды на 15% на 6 ходов Враг и ближайшие получают -40% защиты и дополнительно -4% снижение каждый раз, когда они получают удар в течение 4 ходов",,ГМ,Следопыт,07.jpg (https://baserow-backend-production20240528124524339000000001.s3.amazonaws.com/user_files/Cc6dQzjcqak91sue2zmLUjek9QLujegi_de5299080ec4fd23fb30b21fa1d8e6185b3ac2e229f132213d8e8b43448fbe3f.jpg)
145,Тимур,Зеленый,5,Медленно,1508,654,843,1422,Все,"У каждого павшего союзника 20% шанс воскреснуть с 30% здоровья, повышает атаку всем на 30 %, здоровье всех союзников увеличивается на 475. Итоговое здоровье не может превысить х2 от максимального",,Пустошь,Паладин,28.jpg (https://baserow-backend-production20240528124524339000000001.s3.amazonaws.com/user_files/xZzDcHLVXco3OfLm9egvI03htJLwVG1W_4c409709a1ca8dd86810fd7ff1e6a1d10c60b43234236d3b33a4784a37972346.jpg)
146,Карим,Желтый,5,Быстро,1462,723,713,1352,1+2,270 % врагу и ближайшим. Снижает меткость врага и ближайших на 35% на 3 хода,,ГМ,Монах,07.jpg (https://baserow-backend-production20240528124524339000000001.s3.amazonaws.com/user_files/cSQcDm3zwTg7mLIzykyU52zaJPO0qB6r_7a5f7e959636b2b0e537d7d29fdd394a225ad935d294c98706077f939177d10f.jpg)
147,Дариус Строгий,Синий,5,Средне,1464,614,803,1447,Все,Все союзники делят урон между собой в течение 3 ходов. Повышает защиту всем на 30% на 3 хода. Восстанавливает всем союзникам стихии Воды 30 % здоровья за 6 ходов. Нельзя снять. Исцеляет всем союзникам 100% от наносимого обычного урона в течение 3 ходов,,ГМ,Паладин,09.jpg (https://baserow-backend-production20240528124524339000000001.s3.amazonaws.com/user_files/0Lo5nenjKq9TyfuIwu0iLnG40PWOY0TJ_9981bee7da89ce2d0ed832f538aa89400cbb7aaec3d4c25765f784f99fc6943b.jpg)
148,Хепри,Желтый,5,Средне,1462,614,808,1432,1+2,"245% врагу и ближайшим, похищает получаемую ману цели и ее союзников по краям в течение 4 ходов. Сначала немного, но с каждым шагом все больше, пока не похитит всю получаемую ману. Нельзя снять","Невосприимчив к ослаблениям, влияющим на Меткость. Не распространяется на эффекты от союзников",ГМ,Волшебник,04.jpg (https://baserow-backend-production20240528124524339000000001.s3.amazonaws.com/user_files/oiF82olnoHRG4T1gL1cwuSbB8QMfHxA3_fa787436d6da0d27e48151180598fcb142357d8459c8334d163348081f66d7a6.jpg)
149,Быстрый Ветер,Желтый,5,Быстро,1468,768,778,1128,1,"260% врагу. Повышает защиту против стихии Смерти всем союзникам стихии Солнца на 45% на 4 хода
Повышает атаку всем на 195%, снижает меткость на 35% на 5 ходов. Эффект применяется только с титанами",Сопротивление к отравлению,ГМ,Друид,12.jpg (https://baserow-backend-production20240528124524339000000001.s3.amazonaws.com/user_files/wwZ0y8yo5rmfPHaTVNhPrlu7KitjvuFL_3b85f7f1801ec6bacdf349866cbbd5ccbc434e29e07ca101935f0bbf5dc29dfb.jpg)
150,Лада,Желтый,4,Быстро,1248,623,668,1212,Все,"Блокирует накопление маны себе в течение 2 ходов
Восстанавливает всем 40 % здоровья",,Сказки,Жрец,06.jpg (https://baserow-backend-production20240528124524339000000001.s3.amazonaws.com/user_files/aLYGBs1qtwZCpitl4K5YhDAFSrhfOjHo_63c24d01a8d3300c0ab9ed39b8c8c00be9215d8a9f26c1de81e3309f4eca30dc.jpg)
151,Соловей Разбойник,Красный,4,Быстро,1222,743,598,957,Все,"180% урона всем, снижает атаку себе на 20 % (нельзя снять)",,Сказки,Следопыт,08.jpg (https://baserow-backend-production20240528124524339000000001.s3.amazonaws.com/user_files/wPXX2URMl3dmsSICsYLkqGV2hUatauLi_5f9330f15638107c91d954fb458e9d3e47a471566538f7937d78cd1207a052b1.jpg)
152,Добрыня Никитич,Синий,5,Быстро,1454,793,688,1193,1+2,"405% урона врагу и немного ближайшим противникам
Снижает защиту себе на 20 % на 3 хода (нельзя снять)",,Сказки,Друид,10.jpg (https://baserow-backend-production20240528124524339000000001.s3.amazonaws.com/user_files/s5OKsDtbAiiuyAsAOqsx4HVv199Gx1j2_f28d22ae2c7368915816927c55bd00bcf3d62575ad4e45b994fd0aa648d36537.jpg)
153,Илья Муромец,Фиолетовый,5,Средне,1504,738,753,1382,Все,300% урона всем. Снижает защиту всем союзникам на 20% на 3 хода (нельзя снять),,Сказки,Воин,12.jpg (https://baserow-backend-production20240528124524339000000001.s3.amazonaws.com/user_files/Fmd35u5xfErW4HdicHmOZ0nPg8dZ2tJc_666b3b162c5d5714167d3393b9ed685917ab70797903e53e8f5cb172846d1bfe.jpg)
154,Жар-птица,Желтый,5,Средне,1506,778,723,1347,1+2,280% цели и цепочке рядом стоящих. Снижает атаку себе на 20% на 3 хода (нельзя снять),,Сказки,Паладин,14.jpg (https://baserow-backend-production20240528124524339000000001.s3.amazonaws.com/user_files/cB7PWiuSO8n2QksILXFaQEBBE4bH97pF_9488af514440cf235d4afb3116abef54f8bf1863d188a5842ec5fcd748e741c7.jpg)
155,Арвен,Зеленый,3,Быстро,822,538,388,607,1,282% врагу. Снимает ослабления себе. Снижает исцеление врагу на 100% в течение 2 ходов. Песок в глаза. Наносит 108 урона за…,,Летняя вечеринка,Волшебник,02.jpg (https://baserow-backend-production20240528124524339000000001.s3.amazonaws.com/user_files/s2ddC1jOHxVpWpO0fkhD8l2pD6yhPg7w_673b3c0277133238bf619cca3b106d78c48ba112e1c1abc9eb7c68856c60e1e8.jpg)
156,Кай,Фиолетовый,4,Средне,1224,528,688,1321,1+2,236% урона врагу и немного ближайшим. Снимает ослабления себе. Снижает исцеление врагу и ближайшим на 75% на 2 хода,,Летняя вечеринка,Монах,05.jpg (https://baserow-backend-production20240528124524339000000001.s3.amazonaws.com/user_files/XafPCz0I7JpM3Kp2C8WR2MtlqvKF6w2A_d05b5a52435d8d5d4568d5d3a3ee7b98a21435d19249a5fe0727651b38bad11c.jpg)
157,Лани,Фиолетовый,4,Быстро,1226,708,633,987,1,260% урона врагу. Снимает ослабления себе. Снижает исцеление врагу на 100% в течение 2 ходов. Песок в глаза: Наносит 232 урона за …,,Летняя вечеринка,Жрец,07.jpg (https://baserow-backend-production20240528124524339000000001.s3.amazonaws.com/user_files/JvRAgGoV1biLzKRlxdfgxgbCDjut4F2L_880794ff5c929067d5e0ea8c2015f5277d080fef5903fa338249b064d230dadc.jpg)
158,Трисс,Зеленый,5,Медленно,1488,753,738,1313,1+2,"Призывает прислужника себе и ближайшим с 14% здоровья и 15 % атаки героя, каждый удар прислужника дает цели ослабление: -24 % к регенерации маны на 3 хода.
…",,Лига авантюристов,Чернокнижник,25.jpg (https://baserow-backend-production20240528124524339000000001.s3.amazonaws.com/user_files/ZA1l4EUc3bas94uPVgE1ldQF0I95tKqS_2bb5bbffdc496cacb7a7fa7eab91b5bac5aa8fbe2c8c2b92c6ea471bba780d0e.jpg)
159,Летисия,Желтый,5,Средне,1472,734,709,1362,1+2,165% врагу и ближайшим. Снимает ослабления себе. Снижает исцеление врагу и ближайшим на 75% в течение 2 ходов,,Летняя вечеринка,Монах,11.jpg (https://baserow-backend-production20240528124524339000000001.s3.amazonaws.com/user_files/amchDVx0j3rlDC3OigksUJJCOoneciuH_0da2e115eb18e94f9995eed3fb79d85184e25c21dd310df3b6b1eb14ba40b3e4.jpg)
160,Орик Заяц,Желтый,4,Средне,1220,703,598,1052,1,176% врагу. Повышает защиту от навыков себе на 75% на 3 хода. Метка тишины: наносит …урона и сжигает …% маны на 3 хода,,Забытые сокровища,Варвар,06.jpg (https://baserow-backend-production20240528124524339000000001.s3.amazonaws.com/user_files/hISle8M1yvwnbk9CdDTEUqpIoharIn3R_27f18533d42259638c0007ae66ce899509051dbff372f8fbbc05e9a9d075d302.jpg)
161,Эливира Лиса,Зеленый,4,Быстро,1220,698,598,1062,1,260% врагу. Повышает защиту от навыков себе на 75% на 3 хода. Метка тишины: наносит …урона и сжигает …% маны на 3 хода,,Забытые сокровища,Жрец,08.jpg (https://baserow-backend-production20240528124524339000000001.s3.amazonaws.com/user_files/LfAQMdS7aeaYm5uNHH3VDn8VesLaEo2D_c9ef9d373a4f5dd98afd1ae24828f135e4a704e03f36f4cc8732c9b401c119fe.jpg)
162,Артарион Барон,Фиолетовый,5,Очень медленно,1460,564,823,1522,Все,Все контратакуют на 115% от полученного урона в течение 4 ходов. Повышает скорость восстановления маны всем на 25% в течение 4 ходов (нельзя снять). Снижает скорость восстановления маны всем противникам на 35% на 4 хода,,Забытые сокровища,Друид,10.jpg (https://baserow-backend-production20240528124524339000000001.s3.amazonaws.com/user_files/kW0con88rHZL2sYbuczj0AtbxlrssLf8_a0835e68526488f384d0f1377f9fe95a9fbd21ed89e806625fb18b1e5790bf61.jpg)
163,Корбен Сокол,Синий,5,Медленно,1488,753,748,1298,Все,Снимает ослабления всем союзникам и соперникам. Снимает усиления всем союзникам и соперникам. Наносит всем 175 % урона и …,,Забытые сокровища,Жрец,12.jpg (https://baserow-backend-production20240528124524339000000001.s3.amazonaws.com/user_files/PJkFu1J4cC7PKziMsMOogqlo0Pty2GOA_bbd6e9ada21c46151e7ef3dc708b30f76e420c7a0f02927e9121b05caa8f2a00.jpg)
164,Фелисия Сова,Синий,5,Средне,1462,733,698,1357,Все,"Герой читает случайное заклинание: 1) Наносит 265% урона всем, ожог всем на 174 урона за 3 хода; 2) Мгновенно восстанавливает всем союзникам 30% здоровья и снимает ослабления; 3) Повышает атаку всем союзникам на 50% и снижает защиту всем противникам на 35% на 3 хода",,Забытые сокровища,Чернокнижник,14.jpg (https://baserow-backend-production20240528124524339000000001.s3.amazonaws.com/user_files/JJYc4RaTKqmaQ5rbLjSqUIuZPwNHuRil_a5cb49c46032afe792b2ee056aceeb1c9c52d04ddcd7cf12ac74a9571a86ba7d.jpg)
165,Ингрид Львица,Красный,5,Средне,1490,763,728,1322,Все,Восстанавливает всем 540 здоровья за 4 хода. Повышает атаку всем на 30% на 4 хода. Призывает 3 прислужников с 10 % …,,Забытые сокровища,Разбойник,16.jpg (https://baserow-backend-production20240528124524339000000001.s3.amazonaws.com/user_files/ZOFPR8rIeKCEBNLTa9JQCaHchVRTtg3m_21c7325cdc7140d94c747229f8c1148bddf968c1a6b0aeff8d725a6663778804.jpg)
166,Тея,Зеленый,5,Средне,1472,823,663,1233,Все,Восстанавливает всем 320 здоровья за 4 хода. Повышает обычную атаку всем на 90% на 4 хода. Суммируется с другими бонусами на атаку максимум до +150 % от…,,Джунгли,Монах,23.jpg (https://baserow-backend-production20240528124524339000000001.s3.amazonaws.com/user_files/ZVklbNGjbmTH3ozh6NEWWMvjyRS9gXTC_c8e03876abc717a48beb30fba1f1ce33e243029dcfee2533a51f404470eb7c5c.jpg)
167,Тикси Глиммер,Фиолетовый,5,Быстро,1466,753,683,1347,1,Наносит 390% урона врагу. Снимает усиления врагу и ближайшим. Призывает прислужника с 20% здоровья и 16% атаки. Прислужник клонирует себя каждые 3 хода,Устойчивость к прямому уменьшению маны,ГМ,Следопыт,05.jpg (https://baserow-backend-production20240528124524339000000001.s3.amazonaws.com/user_files/xuFDHErInMrYpATzJTZrLUSq1qPfw2fd_b3fe1e543908671d49ddff5bafe1644782f7c4fff76084804b5784c886d76f1a.jpg)
168,Хельви,Синий,5,Быстро,1468,743,733,1278,Все,Наносит 135% урона всем. Снижает атаку всем на 34% на 4 хода. Повышает вероятность крита союзникам стихии воды на 10% в течение 6 ходов. Нельзя снять. Наносит всем 200 урона от стихии воды за 4 хода,Устойчивость к урону и ослаблениям от прислужников,ГМ,Друид,06.jpg (https://baserow-backend-production20240528124524339000000001.s3.amazonaws.com/user_files/UFQYWDLrIXJAtYg8TOPTd4hGprCPiesO_d1f67961086b763c87998b7511b5bf06560fabc64185b9da053cc71be4b49cef.jpg)
169,Мицури,Красный,5,Очень быстро,1468,629,818,1397,Все,Восстанавливает всем 16% здоровья. Все становятся невосприимчивы к новым ослаблениям в течение 2 ходов,"Устойчивость к ослаблениям, влияющим на исцеление",ГМ,Жрец,07.jpg (https://baserow-backend-production20240528124524339000000001.s3.amazonaws.com/user_files/V3wpNmDpPIlMpErKQXLXFM1QGZHIfRBc_8f5db21049f1f9b1eb56dcb735e263d3b4de826400667629c82f120c4ca32116.jpg)
170,Мэриан,Зеленый,5,Легендарно быстро,1528,693,818,1447,Все,"Мана 100%: Наносит 175% урона всем, снижает количество маны всем на 10%, все союзники получают +25% шанс уклониться от прямой атаки навыком. Действует 3 хода. Мана 200%: Наносит 215  урона всем, снижает количество маны всем на 15%, все союзники получают +50% шанс уклониться от прямой атаки навыком. Действует 4 хода. Мана 300%: Наносит 295% урона всем, снижает количество маны всем на 25%, все союзники получают +75% шанс уклониться от прямой атаки навыком. Действует 5 ходов",,Авангард,Монах,08.jpg (https://baserow-backend-production20240528124524339000000001.s3.amazonaws.com/user_files/yHazCPxFD468oGkmWMuEOyu2ySgLvg89_59b4d741af5aab526e66a34889297144c4f2c266d4a9f6d1fa855eeae3250668.jpg)
171,Мираж,Фиолетовый,5,Средне,1472,619,823,1427,Все,Убивает всех прислужников. Союзники получают немного маны за каждого убитого прислужника. 240% всем противникам. Повышает вероятность крита всем союзникам стихии смерти на 6 ходов. Нельзя снять,"Невосприимчив к ослаблениям, влияющим на Меткость. Не распространяется на эффекты от союзников",ГМ,Жрец,10.jpg (https://baserow-backend-production20240528124524339000000001.s3.amazonaws.com/user_files/todP2o2OJbswVW8OdLSSjObTH4qSML35_84065f2a63d4030d0d77b8a95237630a48526f1269150b5e26aaaa8f329ba121.jpg)
172,Тарвион,Синий,5,Медленно,1474,649,803,1397,Все,"Исцеляет всех до 50 %, если оно ниже. Восстанавливает всем 800 здоровья за 4 хода. Повышает защиту от навыков всем союзникам стихии Воды на 25% на 4 хода. Нельзя снять. Снимает ослабления всем союзникам","Устойчивость к ослаблениям, влияющим на атаку",ГМ,Монах,11.jpg (https://baserow-backend-production20240528124524339000000001.s3.amazonaws.com/user_files/0EdtXzn1zfmxmkkTSO9ALeHaNGFGP6je_a289c3d19d5116aecdf208e28b9a3b198098e760ded262ed4db1144e0b6cb3e3.jpg)
173,Морита,Зеленый,5,Медленно,1454,723,738,1273,Все,"У каждого павшего союзника 33% шанс воскреснуть с 23% здоровья, восстанавливает всем 612 здоровья за 4 хода. Восстанавливает всем небольшое количество маны в течение 4 ходов",,ГМ,Друид,05.jpg (https://baserow-backend-production20240528124524339000000001.s3.amazonaws.com/user_files/ckAL673Zz8FmWeFHlLbH4Yx3oQ1kWBqZ_0fadab177fd4af5af5a41b017a81865ddf500c6f0281f4cfa86d1f1493a0e61e.jpg)
174,Офелия,Желтый,5,Быстро,1490,733,753,1347,1+2,"275 % урона врагу и ближайшим. Снижает защиту врагу и ближайшим на 35% на 4 хода. Длительность обновляется, если цель получает лечение. Нельзя снять",,Подводный мир,Жрец,04.jpg (https://baserow-backend-production20240528124524339000000001.s3.amazonaws.com/user_files/XwmcQ3iGV1QfRt45DgsxY5L6TsxLESOq_f673e76adc39723ce792c8f7427466b3b4f4d3ecdfe5c9a0f8a4688fbda7f9ed.jpg)
175,Аквалис,Фиолетовый,5,Быстро,1490,743,748,1327,1+1,295% урона противникам по краям. Если противник один - урон удваивается. Отравление - наносит всем целям 237 урона за 3 хода,,Подводный мир,Монах,06.jpg (https://baserow-backend-production20240528124524339000000001.s3.amazonaws.com/user_files/UW9BX6YbkeyhxIT7XcCIplWifpZFgZfD_a6378956e430e1c909c78505056adaa25e93b0c0a4a09e840e005f389554b2cb.jpg)
176,Крифий,Красный,5,Средне,1464,639,728,1537,1+2,"Наносит … урона врагу и ближайшим. Повышает защиту от навыков себе на … на 4 хода. Призывает прислужника с 15% здоровья и 30% атаки, полученной от героя. Прислужник дает своему владельцу Провокацию",,Подводный мир,Паладин,08.jpg (https://baserow-backend-production20240528124524339000000001.s3.amazonaws.com/user_files/xG8TrRzP01JLTFNccOeticsL05OT6Otl_db685932e099c349ff9824e31279cacf4807fcb575714db408b0642d2209f764.jpg)
177,Сапфира,Синий,5,Быстро,1470,743,713,1327,1,"420% по врагу. Снижает атаку цели на 45% на 3 хода. Длительность обновляется, если цель получает лечение. Нельзя снять",,Подводный мир,Разбойник,10.jpg (https://baserow-backend-production20240528124524339000000001.s3.amazonaws.com/user_files/7ploAQDPdlt9zAv7aS99beXYSGbbZxmn_65abf5f5f01f03108e3afc9a537591d3028b974938caee98843b59adcd978e4e.jpg)
178,Драганис,Фиолетовый,4,Быстро,1226,658,638,1107,Все,Отравление: Наносит всем 280 урона за 4 хода. Снижает защиту всем противникам стихии Солнца на 40% на 4 хода. Случайным образом меняет противников на поле (только PvP),,Подводный мир,Чернокнижник,12.jpg (https://baserow-backend-production20240528124524339000000001.s3.amazonaws.com/user_files/brVU71EX0pnMny9qk9dddkMAos7tgbkk_ef8f253f1f4ef439ab5e24f449abf539d8dbeea77414e94e5ff25ed3b639770f.jpg)
179,Феликс,Синий,4,Медленно,1260,633,638,1287,Все,"200% урона всем, урон увеличивается на 45% за каждого мертвого противника, снижает защиту всем на 44% на 4 хода","Когда использует навык, 38% шанс украсть усиление у случайного противника. Если нет усилений - 53 % урона всем противникам",Хэллоуин,Варвар,02.jpg (https://baserow-backend-production20240528124524339000000001.s3.amazonaws.com/user_files/qkOeFWmGyuEYx88ska143NASWlu6Peqh_2e70b35ceb3cb99105684e1f6ed0a2a0f32c3c77f5ffa50947e1693aa0dfa542.jpg)
180,Джуно,Синий,5,Легендарно быстро,1528,803,683,1442,Все,"Мана 100%: Наносит 285% урона, атака имеет 60 % шанс пробить защитные усиления, включая контратаки. Мана 200%: Наносит 325% урона, атака имеет 85% шанс пробить защитные усиления, включая контратаки. Мана 300%: Наносит 365% урона, атака имеет 100% шанс пробить защитные усиления, включая контратаки",,Авангард,Волшебник,10.jpg (https://baserow-backend-production20240528124524339000000001.s3.amazonaws.com/user_files/USlAN6O85AOeZZ7Hl1QWnta7G0YmEnge_5358695c8e9acdc48f6e4842442abb3ae5e283a506f668b0a4adbd01a11c631f.jpg)
181,Тетушка Ева,Зеленый,5,Медленно,1468,604,818,1457,Все,"У каждого павшего есть 50% шанс воскреснуть с 10% здоровья. Мгновенно восстанавливает всем 30% здоровья. Призывает прислужников с 6% здоровья и 9% атаки, полученной от героя",,Новый год,Жрец,02.jpg (https://baserow-backend-production20240528124524339000000001.s3.amazonaws.com/user_files/sLF0ytwgW5T25FkerzPxjO5zkNVOp7RC_9bcea5b683f527e47c8d23a39871f49a26e47ca16b65ba16e31d416d541230b6.jpg)
182,Илария,Красный,5,Легендарно быстро,1530,733,753,1487,Все,"Мана 100%: Здоровье всех увеличивается на 175, итоговое здоровье не может превысить х2 от максимального, все союзники становятся невосприимчивыми к новым ослаблениям на 2 хода. Мана 200%: Здоровье всех увеличивается на 400, итоговое здоровье не может превысить х2 от максимального, все союзники становятся невосприимчивыми к новым ослаблениям на 3 хода. Мана 300%: Здоровье всех увеличивается на 725, итоговое здоровье не может превысить х2 от максимального, все союзники становятся невосприимчивыми к новым ослаблениям на 4 хода",,Авангард,Чернокнижник,06.jpg (https://baserow-backend-production20240528124524339000000001.s3.amazonaws.com/user_files/iQzGyYhbelz9KG5TKFzw6ReHcqr3iyuB_f5849c712d06135ec93a8ba3b46888f2cf9a1d083506a8755d9bf37982362266.jpg)
183,Финн Хартбрю,Красный,4,Легендарно быстро,1274,603,628,1431,Все,"Мана 100%: Восстанавливает всем 420 здоровья за 3 хода, снимает ослабления себе. Мана 200%: Восстанавливает всем 555 здоровья за 3 хода, снимает ослабления себе и ближайшим. Мана 300%: Восстанавливает всем 720 здоровья за 3 хода, снимает ослабления всем",,Авангард,Волшебник,04.jpg (https://baserow-backend-production20240528124524339000000001.s3.amazonaws.com/user_files/mT4NEc99nAr77N4y7vCydeF6pL3sPIvY_55222809bbea11cf53cb4374f866303f79b8095ec46a028d92fcf912cf0fe8c8.jpg)
184,Вейлан,Фиолетовый,5,Легендарно быстро,1526,798,708,1397,Все,"Мана 100%: Наносит 275% урона врагу, цель невосприимчива к новым усилениям в течение 3 ходов, снимает усиления врагу. Мана 200%: Наносит 315% урона врагу и ближайшим, цель и ближайшие невосприимчивы к новым усилениям в течение 4 ходов, снимает усиления врагу и ближайшим. Мана 300%: Наносит 355% урона всем врагам, все невосприимчивы к новым усилениям в течение 5 ходов, снимает усиления всем",,Авангард,Следопыт,14.jpg (https://baserow-backend-production20240528124524339000000001.s3.amazonaws.com/user_files/bu6czSoGiphrazIDLRw8eeIURX63tO08_e7d342ceabadd32468384fa2e0d37d3bde9249e683c2517b41ac123f4f4ffa93.jpg)
185,Жак,Синий,4,Средне,1222,654,671,1031,Все,"Восстанавливает 28% всем союзникам, повышает атаку и защиту на 30% на 3 хода",,Таверна,Волшебник,Жак.jpg (https://baserow-backend-production20240528124524339000000001.s3.amazonaws.com/user_files/MCgdaSiqNeza8WWZu9DBSO7qe1zsWhVT_b4884f0d9993db8507af436ae4559cc98c094ef9d69d5de704056593b51667d9.jpg)
186,Сэр Балдур,Желтый,5,Легендарно быстро,1526,718,813,1392,Все,"Мана 100%: Все союзники на 2 хода делят полученный урон, повышают защиту на 20%, повышают скорость восстановления маны на 15%. Мана 200%: Все союзники на 4 хода делят полученный урон, повышают защиту на 40%, повышают скорость восстановления маны на 25%. Мана 300%: Все союзники на 5 ходов делят полученный урон, повышают защиту на 70%, повышают скорость восстановления маны на 34%",,Авангард,Паладин,12.jpg (https://baserow-backend-production20240528124524339000000001.s3.amazonaws.com/user_files/dAw9u82Ry8xW9ScWaJZTHBHp790ba4p8_110e7a6f46357dc49a2ad6ac44023e0246f66ed54d50a8cf835be21b63c22a93.jpg)
187,Мернокс,Фиолетовый,4,Легендарно быстро,1274,718,560,1282,Все,"Мана 100%: Наносит 225% урона врагу, снимает усиления врагу. Мана 200%: Наносит 250% урона врагу и ближайшим, снимает усиления врагу и ближайшим. Мана 300%: Наносит 300% урона всем врагам, снимает усиления всем",,Авангард,Варвар,16.jpg (https://baserow-backend-production20240528124524339000000001.s3.amazonaws.com/user_files/grWrK4EHMkFANmAC7EW8QktvzdX5vnLr_5ae9e6f9bb4d4d79e9156d17b28a19d03121222eb56a666bbfaf6782c6a18d9d.jpg)
188,Пирелла,Красный,5,Быстро,1468,733,723,1327,Все,"Повышает защиту против стихии Воды всем на 90% на 4 хода. Повышает вероятность крита всем союзникам стихии Огня на 10% в течение 6 ходов. Нельзя снять. Наносит всем 495 урона от стихии Огня за 3 хода. В течение 4 ходов все союзники заменяют все новые ослабления, влияющие на защиту, на + 40% к защите на 5 ходов","Обладает врожденной устойчивостью к ослаблениям, влияющим на исцеление",ГМ,Волшебник,12.jpg (https://baserow-backend-production20240528124524339000000001.s3.amazonaws.com/user_files/AMbToYTKPVY4ebdSdkjc2qm1hMDavEaQ_4e03dbd2081ec6c2e8039106b59a8adf4efb642e3bd22ccac0f0b7e6aa83b7c5.jpg)
189,Светлояр,Зеленый,5,Медленно,1598,778,829,1467,Все,"Повышает защиту всем на 30% на 5 ходов. Значение дополнительно увеличивается на +6% за каждый камень стихии Заклинателя на поле боя, суммарное значение не более 78%. Здоровье всех союзников увеличивается на 680. Итоговое здоровье не может превысить х2 от максимального. Призывает всем прислужников с 7 % здоровья и 10 % атаки, полученной от героя. Снимает ослабления всем союзникам",,Новый год,Друид,45.jpg (https://baserow-backend-production20240528124524339000000001.s3.amazonaws.com/user_files/kyeIr54WnUyeA0Y9s2dXmWqoMtnwmdK6_f527afbe607789ac5822b57cc156bb51665ddf4f0776b911a66136cea25ffe9d.jpg)
190,Инара Снежная,Желтый,4,Медленно,1294,618,713,1296,Все,"Мгновенно восстанавливает всем 20% здоровья. Значение дополнительно увеличивается на +3% за каждый камень стихии Заклинателя на поле боя, суммарное значение не более 44%. Повышает атаку всем на 14% на 4 хода. Значение дополнительно увеличивается на +5% за каждый камень стихии заклинателя на поле боя, но не более 54%
Призывает прислужников всем с 7% здоровья и 10% атаки",,Новый год,Жрец,43.jpg (https://baserow-backend-production20240528124524339000000001.s3.amazonaws.com/user_files/4NvLbk76i9Hxc8Xtx37otW2jgUG66BLb_37164eb12d05c520ce0f1ac8d8ed8c68fe79177b83b0b80747d85556e2d974e3.jpg)
191,Брумм Сугроб,Синий,5,Быстро,1562,798,773,1397,1,"445% урона врагу. Наносит дополнительный урон в размере 125% случайным врагам. Количество ударов зависит от числа прислужников, которые находятся на стороне союзников. С каждым последующим ударом урон уменьшается. Всем затронутым врагам наносит 120 урона от стихии Воды за 3 хода. Призывает прислужников всем с 7% здоровья и 10% атаки",,Новый год,Друид,47.jpg (https://baserow-backend-production20240528124524339000000001.s3.amazonaws.com/user_files/3bLk0O1XQTwiKrIsw82tlZh5UMwkKVkK_32fc6c22ee54c9e35892ab950010d4af07b23661eaa445aed5b1d8d4a6013162.jpg)
192,Мако,Зеленый,5,Средне,1472,614,828,1427,Все,"100% урона всем. Восстанавливает всем союзникам 300 здоровья за 2 хода. Снижает скорость восстановления маны всем противникам на 25% на 2 хода. Призывает прислужников всем союзникам с 10 % здоровья и 13% атаки, полученной от героя. Повышает вероятность критического удара всем союзникам стихии Природы на 10 % в течение 6 ходов. Нельзя снять",Прислужники героя невосприимчивы к заклинаниям устранения,ГМ,Паладин,1.jpg (https://baserow-backend-production20240528124524339000000001.s3.amazonaws.com/user_files/1snWVz7qA5eUd4KzjokpAg8XFlugtKXG_d4cc21a4cd15910d814c9da60d52a6a2880d9565c63b87dae4afcf4dcbb397de.jpg)
193,Айвар,Желтый,5,Очень быстро,1470,738,728,1308,1,305% урона врагу. Повышает вероятность критического удара всем союзникам стихии Солнца на 10% в течение 6 ходов. Нельзя снять. Цель не может накладывать новые усиления и ослабления на врагов или союзников в течение 3 ходов,"Врожденное сопротивление к ослаблениям, влияющим на защиту. Не работает против ослаблений, нацеленных на конкретную стихию",ГМ,Варвар,Айвар.jpg (https://baserow-backend-production20240528124524339000000001.s3.amazonaws.com/user_files/k1GHnbasIvPcNMHylboQKTmeUZaKpbp6_36b66f463bb9fc23933216c8c8f354c49defbd59cbc44623d925d96bfc77ce4d.jpg)
